payment_id,order_id,payment_method,amount_cents,payment_ts,status
1,1,credit_card,16574,2024-11-05T13:29:49,captured
2,2,paypal,172760,2026-05-13T17:42:31,captured
3,3,gift_card,24454,2026-02-16T15:32:44,captured
4,4,paypal,72568,2025-05-15T12:35:39,refunded
5,5,gift_card,46738,2026-03-04T15:23:24,captured
6,6,gift_card,5425,2026-05-09T17:21:36,captured
7,7,paypal,55302,2025-06-26T16:07:21,captured
8,9,paypal,135243,2024-06-09T14:54:39,captured
9,10,apple_pay,26648,2024-07-30T18:46:47,captured
10,11,paypal,109263,2024-04-02T20:22:06,captured
11,12,credit_card,132590,2024-04-05T22:24:20,captured
12,13,apple_pay,75925,2025-06-10T12:29:00,captured
13,14,paypal,98538,2025-07-10T21:30:14,captured
14,15,paypal,12421,2026-03-15T19:48:31,refunded
15,16,credit_card,153481,2026-03-06T08:36:13,captured
16,17,credit_card,62176,2026-04-08T16:38:11,captured
17,18,paypal,70136,2026-03-30T17:10:13,captured
18,20,paypal,123251,2025-11-12T10:55:05,captured
19,21,apple_pay,63662,2025-12-31T16:30:34,captured
20,22,apple_pay,16776,2025-08-25T14:49:11,captured
21,25,paypal,123209,2026-04-21T13:48:47,captured
22,26,gift_card,116910,2025-12-01T18:10:11,refunded
23,27,credit_card,54274,2026-03-01T21:04:27,captured
24,28,gift_card,28624,2026-02-08T11:21:19,refunded
25,29,apple_pay,66371,2025-12-04T13:15:08,captured
26,30,paypal,145336,2025-11-03T08:57:51,refunded
27,31,apple_pay,31712,2026-03-02T10:16:43,refunded
28,32,gift_card,78134,2025-12-10T16:24:31,captured
29,33,paypal,45814,2025-12-25T18:13:49,captured
30,36,paypal,17679,2025-04-04T11:27:32,captured
31,37,credit_card,83115,2026-02-05T08:44:59,refunded
32,38,gift_card,80030,2026-05-31T22:39:42,captured
33,39,paypal,46954,2026-06-01T10:38:41,captured
34,40,gift_card,13842,2026-06-01T10:00:34,refunded
35,41,paypal,52254,2026-05-31T20:19:52,captured
36,43,apple_pay,78914,2026-05-31T20:15:04,captured
37,44,gift_card,108603,2026-06-01T20:05:38,captured
38,45,credit_card,31720,2026-05-31T12:42:58,captured
39,47,apple_pay,77896,2026-04-23T09:43:45,captured
40,48,apple_pay,62429,2024-12-20T08:54:48,captured
41,49,gift_card,121779,2026-01-12T22:41:17,refunded
42,51,credit_card,61836,2025-06-30T09:22:30,captured
43,53,paypal,60207,2026-04-15T22:57:14,captured
44,55,gift_card,35034,2025-11-12T22:59:51,captured
45,56,credit_card,122593,2026-05-08T21:53:19,captured
46,57,apple_pay,130876,2026-04-22T19:03:17,captured
47,60,gift_card,101626,2024-10-08T08:42:48,captured
48,61,credit_card,107532,2024-12-17T16:08:13,captured
49,62,gift_card,149040,2025-09-18T14:16:45,captured
50,63,paypal,83462,2026-02-27T21:14:56,captured
51,64,paypal,18732,2026-03-29T13:49:41,captured
52,65,apple_pay,108723,2026-04-26T15:54:04,captured
53,66,credit_card,76554,2025-12-18T14:04:06,refunded
54,68,apple_pay,106189,2026-01-07T08:30:57,captured
55,69,credit_card,30276,2025-12-16T13:00:42,captured
56,71,credit_card,56270,2026-03-21T08:58:30,refunded
57,74,paypal,22402,2026-02-18T10:06:50,captured
58,75,credit_card,98582,2025-10-26T15:23:51,captured
59,76,apple_pay,128471,2026-04-23T10:44:25,captured
60,77,paypal,86840,2026-04-03T10:13:34,captured
61,78,apple_pay,3435,2025-06-24T13:39:00,refunded
62,79,paypal,5592,2025-12-01T12:41:02,captured
63,81,apple_pay,123756,2026-03-03T12:54:03,captured
64,82,credit_card,85705,2026-02-04T22:58:45,refunded
65,83,gift_card,79081,2026-05-30T19:39:57,captured
66,84,credit_card,146050,2025-02-04T13:47:54,captured
67,85,credit_card,4839,2025-12-10T19:25:08,captured
68,88,credit_card,145080,2026-01-16T15:46:10,captured
69,89,credit_card,43815,2025-12-27T09:18:09,captured
70,91,credit_card,114846,2026-01-30T13:32:00,captured
71,93,apple_pay,142245,2024-09-09T17:39:20,captured
72,94,paypal,68666,2025-10-15T13:17:29,captured
73,95,paypal,43287,2026-03-13T20:37:14,captured
74,96,credit_card,40556,2025-08-12T19:57:15,captured
75,98,gift_card,53192,2026-01-07T11:10:29,captured
76,99,credit_card,21144,2026-05-21T18:11:21,refunded
77,100,paypal,46776,2026-04-06T19:27:35,captured
78,101,gift_card,77787,2026-03-01T17:10:27,captured
79,102,credit_card,88908,2026-04-28T12:14:56,refunded
80,103,gift_card,98082,2026-03-19T22:22:30,captured
81,104,paypal,114586,2026-03-27T21:55:28,captured
82,105,credit_card,47102,2026-05-20T21:52:44,captured
83,106,gift_card,30287,2025-08-24T16:21:34,captured
84,107,paypal,74540,2026-01-04T20:55:46,captured
85,108,credit_card,28192,2025-06-17T17:14:28,captured
86,109,credit_card,21414,2025-12-05T13:52:23,captured
87,111,gift_card,81321,2025-11-06T10:26:37,captured
88,112,apple_pay,6244,2026-03-30T19:50:14,captured
89,115,paypal,7140,2026-03-25T19:15:22,captured
90,116,gift_card,93624,2024-07-08T20:20:34,captured
91,117,credit_card,17264,2026-03-10T23:24:10,captured
92,118,apple_pay,42156,2025-03-05T21:35:59,captured
93,119,paypal,5036,2026-03-17T19:29:01,refunded
94,121,credit_card,3249,2025-07-10T17:28:30,captured
95,122,credit_card,46285,2025-07-18T22:31:11,refunded
96,123,gift_card,18845,2025-07-05T16:29:45,captured
97,124,credit_card,133323,2025-06-13T10:55:22,captured
98,125,paypal,77478,2025-11-06T12:41:38,captured
99,128,apple_pay,138498,2026-02-27T13:36:42,refunded
100,131,credit_card,139754,2026-05-27T23:02:10,refunded
101,132,gift_card,54812,2026-05-11T18:36:49,refunded
102,133,gift_card,68411,2026-05-02T18:16:15,captured
103,134,gift_card,131379,2026-01-24T12:26:44,refunded
104,136,apple_pay,170150,2026-02-11T19:25:45,captured
105,137,apple_pay,155318,2026-04-21T22:11:40,captured
106,138,gift_card,53740,2026-02-14T21:53:17,captured
107,140,gift_card,53364,2026-05-22T10:44:54,captured
108,141,credit_card,10850,2026-04-04T22:40:42,captured
109,143,credit_card,30027,2026-01-24T21:15:47,captured
110,145,apple_pay,49542,2026-03-14T20:06:50,refunded
111,146,credit_card,36900,2025-12-27T23:01:48,captured
112,147,paypal,48823,2026-04-07T23:08:21,captured
113,148,paypal,161424,2025-02-16T09:23:15,captured
114,149,credit_card,64574,2025-11-27T12:50:54,captured
115,151,apple_pay,64932,2026-01-04T14:32:26,captured
116,152,credit_card,86641,2025-10-29T21:46:44,captured
117,153,apple_pay,35396,2025-09-18T14:36:25,captured
118,154,gift_card,84168,2025-11-27T08:14:31,captured
119,155,apple_pay,59420,2026-05-25T22:22:42,captured
120,156,credit_card,55365,2025-10-16T09:29:05,captured
121,157,credit_card,86301,2026-05-16T15:20:04,captured
122,158,credit_card,119692,2026-05-15T08:07:29,captured
123,159,paypal,45546,2026-04-01T14:26:11,refunded
124,160,apple_pay,93532,2025-07-31T22:52:38,captured
125,161,apple_pay,85705,2025-10-12T10:57:40,captured
126,163,gift_card,84420,2026-02-28T23:05:19,captured
127,164,apple_pay,4556,2024-04-26T08:47:07,captured
128,165,paypal,53648,2024-11-14T20:04:44,refunded
129,166,apple_pay,110850,2025-03-30T11:32:19,captured
130,167,apple_pay,179422,2024-03-01T18:55:45,captured
131,168,paypal,130764,2025-08-21T13:14:41,captured
132,169,apple_pay,88734,2025-10-02T11:00:18,refunded
133,170,credit_card,48879,2026-03-09T16:11:01,captured
134,171,gift_card,80007,2026-02-14T20:09:49,captured
135,173,paypal,70801,2024-11-01T12:07:51,captured
136,174,credit_card,138923,2026-03-23T21:46:50,captured
137,175,apple_pay,109232,2026-04-27T19:06:51,captured
138,176,gift_card,60949,2026-05-04T20:22:56,captured
139,178,credit_card,95825,2025-06-29T21:01:37,captured
140,179,gift_card,65492,2025-08-13T15:26:28,captured
141,180,paypal,40569,2026-03-29T19:30:52,captured
142,181,credit_card,13796,2025-12-27T16:33:58,captured
143,182,gift_card,12488,2024-07-16T12:20:31,captured
144,183,paypal,61132,2025-01-02T08:34:35,captured
145,185,credit_card,29155,2026-05-28T17:56:50,captured
146,187,credit_card,105558,2025-02-05T14:07:55,captured
147,188,apple_pay,95765,2026-01-25T09:35:09,captured
148,189,paypal,6275,2025-02-27T18:40:58,captured
149,190,gift_card,78478,2025-06-29T10:10:40,refunded
150,191,paypal,26639,2025-11-27T13:57:40,captured
151,192,credit_card,46730,2024-11-07T17:02:20,captured
152,193,apple_pay,28722,2026-01-03T17:53:00,captured
153,194,apple_pay,6408,2026-03-16T21:08:41,captured
154,195,credit_card,33425,2026-01-24T09:36:23,captured
155,196,apple_pay,22535,2026-05-21T21:06:14,refunded
156,197,apple_pay,87873,2025-11-22T16:32:10,captured
157,198,paypal,55680,2026-01-20T21:28:17,captured
158,199,credit_card,134312,2025-03-18T15:41:00,captured
159,200,paypal,16192,2025-01-26T21:33:15,refunded
160,201,credit_card,75177,2026-05-12T16:02:06,captured
161,202,credit_card,22368,2026-01-28T21:46:25,refunded
162,203,credit_card,34284,2026-01-08T17:07:21,captured
163,204,gift_card,93324,2026-03-15T10:54:32,captured
164,205,paypal,40137,2026-01-01T15:26:38,captured
165,206,paypal,89024,2025-07-04T19:51:29,captured
166,212,gift_card,108965,2026-04-11T15:29:37,captured
167,213,gift_card,24393,2024-09-22T15:47:22,captured
168,214,gift_card,27043,2025-09-29T08:14:28,captured
169,215,gift_card,75371,2025-10-12T08:35:12,captured
170,216,paypal,16192,2026-01-14T15:16:37,captured
171,217,gift_card,118621,2026-04-22T20:40:48,captured
172,218,apple_pay,124956,2025-08-27T13:17:26,captured
173,219,apple_pay,115076,2025-11-27T17:58:40,captured
174,220,apple_pay,97882,2025-12-30T09:32:03,captured
175,221,apple_pay,170171,2026-04-23T15:03:45,captured
176,222,credit_card,117806,2026-05-25T19:28:18,captured
177,223,gift_card,48452,2026-04-27T22:57:34,captured
178,224,gift_card,96444,2026-05-19T11:37:02,captured
179,225,credit_card,113807,2026-05-26T09:55:42,captured
180,226,paypal,5121,2026-04-19T19:37:10,captured
181,228,credit_card,91460,2026-05-06T08:32:49,captured
182,230,paypal,108613,2026-04-29T18:24:00,captured
183,231,apple_pay,69779,2026-04-20T18:45:24,captured
184,232,paypal,6446,2025-05-24T11:03:39,refunded
185,233,credit_card,57384,2025-10-16T10:35:13,captured
186,235,paypal,6048,2024-09-09T10:02:31,captured
187,236,gift_card,75650,2026-02-04T16:08:27,refunded
188,237,gift_card,115797,2025-07-08T16:54:47,captured
189,238,apple_pay,167025,2025-10-23T09:24:08,refunded
190,239,credit_card,118069,2026-06-01T10:33:48,captured
191,241,gift_card,34400,2026-03-16T14:54:37,captured
192,242,credit_card,82419,2025-10-29T17:35:46,refunded
193,243,paypal,91074,2025-04-05T16:45:41,captured
194,245,paypal,96449,2025-10-26T20:11:42,captured
195,246,paypal,111848,2026-05-29T15:04:03,captured
196,247,apple_pay,31052,2026-01-03T16:34:42,captured
197,248,credit_card,43852,2025-10-14T18:59:44,captured
198,249,apple_pay,36196,2025-11-07T22:12:35,captured
199,251,gift_card,92866,2025-12-17T15:03:45,captured
200,252,gift_card,141550,2025-05-05T12:08:37,refunded
201,253,paypal,76994,2024-09-12T17:07:07,refunded
202,254,apple_pay,53454,2026-05-28T23:09:49,captured
203,255,paypal,22040,2025-10-04T09:39:46,captured
204,257,apple_pay,60828,2025-06-23T22:16:06,captured
205,259,apple_pay,14476,2026-04-28T09:26:05,captured
206,260,credit_card,84298,2026-05-06T14:48:41,captured
207,262,paypal,9600,2026-04-19T13:12:48,captured
208,264,gift_card,29690,2025-08-20T10:28:54,captured
209,266,credit_card,6275,2025-10-15T08:52:15,captured
210,267,gift_card,13166,2025-12-04T11:19:51,captured
211,268,apple_pay,69425,2026-03-31T19:58:55,captured
212,269,paypal,47520,2026-03-18T08:55:32,refunded
213,272,credit_card,70569,2026-03-09T19:02:59,captured
214,273,credit_card,72487,2026-04-16T11:55:42,refunded
215,274,apple_pay,104496,2025-02-18T12:19:00,captured
216,275,apple_pay,73523,2025-04-25T15:27:05,captured
217,277,paypal,65616,2025-10-01T16:05:17,captured
218,280,paypal,24364,2026-04-08T16:06:50,captured
219,281,paypal,19192,2025-01-15T08:40:12,captured
220,283,gift_card,7548,2025-08-16T13:09:38,captured
221,284,apple_pay,28629,2025-05-01T18:54:49,captured
222,285,paypal,63615,2025-04-18T09:27:37,captured
223,286,credit_card,100758,2025-05-04T15:01:45,captured
224,287,credit_card,11240,2025-05-17T12:20:36,refunded
225,288,gift_card,11520,2025-11-11T15:01:17,captured
226,289,credit_card,49846,2025-07-19T16:16:10,captured
227,290,credit_card,106589,2025-06-17T09:27:41,captured
228,291,apple_pay,162865,2025-10-05T10:40:01,captured
229,292,apple_pay,76743,2025-08-26T15:17:52,captured
230,293,credit_card,62559,2025-05-22T14:36:29,captured
231,294,paypal,40876,2024-11-20T20:07:21,captured
232,295,paypal,82358,2025-09-21T11:04:34,captured
233,296,credit_card,48653,2024-12-25T12:01:56,captured
234,297,credit_card,72807,2026-04-08T16:50:38,captured
235,299,apple_pay,53627,2025-04-09T16:09:50,captured
236,300,credit_card,52332,2025-11-28T11:04:41,captured
237,302,paypal,53308,2026-03-16T22:24:23,captured
238,307,credit_card,15582,2024-11-05T09:43:38,captured
239,308,gift_card,34836,2025-12-28T18:02:30,refunded
240,309,paypal,21431,2025-12-03T19:48:08,captured
241,310,credit_card,4760,2025-04-03T18:24:54,refunded
242,311,credit_card,184024,2026-03-24T21:01:10,captured
243,312,paypal,4507,2026-05-08T17:05:51,captured
244,313,credit_card,54880,2025-04-25T13:10:04,captured
245,314,paypal,102721,2026-01-07T21:42:25,captured
246,315,apple_pay,104831,2026-03-15T11:09:06,captured
247,316,paypal,174921,2025-05-16T23:04:25,captured
248,317,apple_pay,69802,2024-12-15T23:01:23,refunded
249,318,paypal,38704,2026-03-01T10:59:03,captured
250,319,paypal,99480,2025-12-01T17:04:50,captured
251,321,apple_pay,17264,2025-06-07T18:43:06,captured
252,322,apple_pay,64467,2025-09-24T18:51:00,captured
253,323,paypal,38436,2025-12-18T17:08:21,captured
254,324,paypal,46056,2026-03-14T18:25:44,captured
255,325,gift_card,126798,2026-04-06T21:52:07,captured
256,326,apple_pay,95083,2025-07-30T09:04:58,captured
257,327,credit_card,38055,2024-11-10T10:57:24,captured
258,328,credit_card,35438,2026-04-21T22:05:10,captured
259,329,credit_card,39376,2026-05-14T16:02:40,captured
260,331,credit_card,80267,2025-07-12T15:14:20,captured
261,332,gift_card,88562,2025-08-23T22:10:12,refunded
262,333,apple_pay,119814,2026-05-31T16:11:51,refunded
263,334,gift_card,34695,2026-01-10T19:34:52,captured
264,335,gift_card,149610,2026-03-30T21:57:41,captured
265,336,gift_card,17889,2025-09-20T22:18:35,captured
266,337,gift_card,142360,2026-04-10T18:17:41,captured
267,338,apple_pay,118308,2026-04-01T08:30:01,captured
268,339,gift_card,55950,2026-05-10T13:08:29,refunded
269,342,credit_card,20122,2026-04-21T11:43:30,captured
270,343,paypal,119029,2026-02-04T08:46:13,captured
271,345,apple_pay,12991,2026-04-27T15:35:16,captured
272,346,apple_pay,60491,2026-05-12T12:30:06,captured
273,347,credit_card,35034,2026-01-01T16:56:06,refunded
274,348,apple_pay,145977,2025-10-20T12:44:56,captured
275,349,apple_pay,2278,2025-11-23T10:21:43,captured
276,351,gift_card,164013,2026-04-23T09:19:01,captured
277,352,credit_card,78745,2026-04-30T15:28:17,refunded
278,353,gift_card,166323,2026-04-29T13:13:43,captured
279,354,credit_card,51166,2025-12-19T22:47:09,captured
280,355,paypal,34836,2026-04-01T14:08:53,captured
281,358,credit_card,138298,2025-12-24T16:12:24,refunded
282,359,apple_pay,62274,2026-02-25T22:24:50,captured
283,360,apple_pay,6275,2025-07-28T21:13:05,captured
284,361,paypal,24364,2024-08-03T18:48:47,captured
285,363,apple_pay,17200,2024-12-24T10:39:56,captured
286,364,credit_card,112614,2025-03-17T11:14:15,captured
287,366,gift_card,114765,2025-10-25T12:07:41,captured
288,369,apple_pay,88795,2026-05-30T18:09:31,captured
289,370,paypal,42490,2025-02-04T19:52:24,captured
290,371,credit_card,13324,2026-03-25T09:51:01,captured
291,372,credit_card,73912,2025-12-19T15:25:53,captured
292,373,credit_card,86643,2026-03-11T09:19:31,captured
293,374,gift_card,118259,2026-03-15T17:39:54,captured
294,375,apple_pay,164201,2024-12-31T20:50:57,captured
295,376,apple_pay,32268,2025-09-04T22:28:01,captured
296,377,credit_card,97433,2025-03-06T16:34:07,captured
297,378,credit_card,14036,2025-07-11T08:24:28,captured
298,379,credit_card,96920,2025-01-15T11:54:45,captured
299,380,paypal,51086,2026-03-23T09:39:58,refunded
300,381,gift_card,40480,2025-10-03T19:01:29,captured
301,382,credit_card,118428,2026-04-23T22:09:24,captured
302,383,apple_pay,18934,2026-05-14T21:06:37,refunded
303,385,apple_pay,50471,2026-05-19T08:40:17,captured
304,386,apple_pay,107370,2025-06-23T09:23:57,captured
305,387,gift_card,111140,2025-08-28T08:52:16,refunded
306,388,credit_card,40980,2026-05-26T10:01:27,captured
307,389,paypal,73030,2025-07-16T08:08:38,captured
308,390,paypal,124029,2024-12-02T16:40:40,captured
309,392,apple_pay,106438,2026-03-05T13:34:05,captured
310,395,gift_card,139612,2025-11-22T11:01:46,captured
311,396,paypal,46379,2024-11-24T09:47:17,captured
312,397,credit_card,89837,2024-09-12T17:53:46,captured
313,402,gift_card,84081,2025-05-01T15:21:15,captured
314,403,credit_card,99898,2025-06-27T17:00:20,captured
315,404,credit_card,36816,2025-04-12T16:37:49,captured
316,405,credit_card,61113,2026-05-08T22:47:49,captured
317,406,apple_pay,15746,2026-05-22T10:45:19,captured
318,407,paypal,64340,2026-05-26T21:23:04,captured
319,408,apple_pay,37369,2026-04-08T21:57:54,captured
320,409,apple_pay,54287,2026-01-08T16:18:30,captured
321,410,apple_pay,31533,2026-03-09T10:08:19,captured
322,412,paypal,20846,2026-05-10T16:44:20,captured
323,413,apple_pay,58264,2025-08-24T10:29:28,refunded
324,415,paypal,56360,2026-02-25T17:52:10,captured
325,416,gift_card,14542,2026-04-27T13:41:11,captured
326,417,credit_card,175472,2025-10-17T09:29:40,captured
327,419,apple_pay,76482,2026-05-19T13:05:47,captured
328,420,gift_card,137242,2026-05-22T16:48:24,captured
329,421,credit_card,96266,2026-02-14T10:25:55,captured
330,422,gift_card,66480,2025-08-13T11:23:37,captured
331,424,credit_card,91222,2025-02-26T13:08:54,captured
332,425,credit_card,84817,2025-05-12T19:44:05,captured
333,426,gift_card,96415,2025-09-10T09:29:29,captured
334,427,apple_pay,116915,2026-05-05T12:12:24,captured
335,428,paypal,130271,2025-10-24T17:32:22,captured
336,429,credit_card,32095,2026-02-05T17:11:40,captured
337,431,paypal,65955,2026-02-26T19:54:30,refunded
338,432,credit_card,71716,2026-05-16T15:04:17,refunded
339,433,gift_card,55374,2026-04-19T12:44:05,captured
340,434,credit_card,89086,2026-01-03T19:31:58,captured
341,437,credit_card,27695,2025-09-11T08:38:26,captured
342,438,gift_card,169020,2026-01-12T13:31:36,captured
343,439,gift_card,5873,2025-10-04T17:07:24,captured
344,440,credit_card,32547,2025-07-11T14:30:29,refunded
345,441,apple_pay,89809,2026-01-03T13:42:01,captured
346,443,paypal,12488,2026-04-18T22:18:27,captured
347,444,gift_card,37265,2025-04-27T11:53:59,captured
348,445,apple_pay,24765,2025-08-16T09:38:14,captured
349,446,credit_card,140443,2026-01-28T13:36:24,captured
350,447,credit_card,37201,2026-03-08T19:47:23,captured
351,448,gift_card,128583,2026-04-26T11:53:58,captured
352,450,apple_pay,11184,2025-11-03T14:29:12,captured
353,451,paypal,96618,2025-09-25T11:06:40,captured
354,453,credit_card,117842,2026-02-12T20:53:16,captured
355,454,gift_card,101492,2025-02-18T11:13:15,captured
356,455,gift_card,111895,2026-04-02T20:21:09,captured
357,456,paypal,9608,2024-03-02T12:29:37,captured
358,459,credit_card,41839,2026-05-06T20:54:11,captured
359,460,gift_card,124839,2025-04-01T11:30:15,refunded
360,461,gift_card,132764,2026-02-24T20:58:12,captured
361,462,apple_pay,168766,2026-04-10T15:11:20,captured
362,463,apple_pay,48736,2026-04-11T18:25:20,refunded
363,464,credit_card,112690,2026-02-17T23:08:53,captured
364,465,paypal,97122,2026-03-24T19:02:08,captured
365,466,apple_pay,9698,2026-02-04T21:41:06,refunded
366,467,credit_card,109747,2026-05-23T20:27:45,captured
367,468,gift_card,31823,2026-05-28T21:27:55,captured
368,469,paypal,51948,2026-05-31T11:04:49,refunded
369,470,apple_pay,45929,2026-05-25T15:37:21,captured
370,471,credit_card,100552,2026-05-30T09:17:32,captured
371,472,credit_card,47408,2026-05-31T11:16:32,captured
372,473,apple_pay,102960,2026-05-29T16:20:56,captured
373,474,paypal,57289,2026-05-23T09:08:53,captured
374,475,paypal,124660,2026-04-18T09:02:34,captured
375,476,credit_card,32648,2025-05-31T16:22:47,captured
376,477,credit_card,32102,2024-06-10T19:40:07,captured
377,478,gift_card,33408,2025-08-08T16:11:29,captured
378,479,gift_card,64994,2025-03-11T21:50:19,captured
379,480,paypal,128890,2024-04-22T17:26:08,captured
380,481,apple_pay,122708,2026-01-24T15:15:19,captured
381,482,credit_card,77216,2026-05-13T09:28:22,refunded
382,483,gift_card,32405,2025-03-18T10:44:42,captured
383,485,apple_pay,71668,2025-07-25T18:23:53,captured
384,486,gift_card,8538,2026-04-11T12:45:28,captured
385,487,apple_pay,15363,2025-12-22T20:47:29,captured
386,488,apple_pay,49722,2025-10-01T11:44:53,refunded
387,489,paypal,64600,2025-10-30T15:15:56,captured
388,492,gift_card,26682,2026-03-16T11:06:25,captured
389,494,credit_card,112374,2026-05-14T23:06:44,captured
390,495,apple_pay,107908,2026-03-18T22:39:40,captured
391,496,apple_pay,114990,2026-05-29T17:59:55,refunded
392,497,gift_card,22489,2026-05-03T15:14:51,refunded
393,498,paypal,121365,2026-04-06T20:30:20,captured
394,499,credit_card,187320,2026-03-28T22:57:05,captured
395,500,gift_card,180022,2025-12-24T13:12:35,captured
396,501,paypal,54356,2025-07-25T21:16:15,captured
397,502,paypal,59185,2026-01-10T15:07:36,captured
398,503,apple_pay,64702,2026-05-10T19:49:34,captured
399,504,gift_card,29028,2026-03-05T15:38:41,captured
400,506,gift_card,77745,2024-09-20T12:59:44,captured
401,507,credit_card,34010,2025-12-29T09:49:26,captured
402,508,apple_pay,133969,2025-04-11T17:53:43,captured
403,510,gift_card,96958,2026-02-10T09:15:00,captured
404,511,gift_card,74520,2026-02-27T16:29:52,captured
405,512,apple_pay,7322,2026-05-21T10:09:35,captured
406,513,apple_pay,100573,2025-05-17T13:13:58,captured
407,514,gift_card,21204,2025-12-24T15:27:31,captured
408,515,paypal,65144,2025-01-01T09:21:57,refunded
409,516,credit_card,21286,2025-02-15T19:49:04,captured
410,517,apple_pay,87776,2025-08-19T10:54:52,captured
411,518,paypal,100344,2026-01-22T15:06:00,captured
412,520,credit_card,24191,2025-10-17T17:00:31,captured
413,522,paypal,21700,2026-04-01T12:00:41,captured
414,523,paypal,25104,2025-12-04T09:01:28,captured
415,524,credit_card,11184,2025-07-29T14:38:34,captured
416,525,apple_pay,107322,2025-05-04T17:25:52,captured
417,527,apple_pay,74265,2025-12-16T21:29:25,captured
418,528,apple_pay,22275,2025-07-07T11:12:33,captured
419,530,paypal,46277,2026-06-01T13:54:56,captured
420,532,paypal,6697,2026-05-31T23:02:55,captured
421,533,gift_card,110208,2026-01-02T18:14:20,captured
422,534,credit_card,48240,2025-12-03T22:53:06,captured
423,537,paypal,80624,2026-05-27T21:18:12,captured
424,540,credit_card,25719,2025-11-30T09:29:36,captured
425,541,apple_pay,62908,2026-02-19T20:49:06,captured
426,542,paypal,134378,2026-03-22T15:43:46,captured
427,543,apple_pay,75531,2025-11-02T13:05:26,captured
428,545,apple_pay,94037,2025-01-22T15:51:47,refunded
429,546,paypal,100504,2025-10-14T22:03:29,captured
430,547,credit_card,94537,2025-12-11T13:24:01,captured
431,548,apple_pay,72062,2025-06-21T11:53:31,refunded
432,549,paypal,112547,2026-05-05T13:57:23,captured
433,551,gift_card,105086,2026-01-18T14:49:09,captured
434,552,paypal,103764,2026-04-15T16:38:50,captured
435,553,apple_pay,42936,2025-07-22T14:45:52,captured
436,554,gift_card,98116,2024-05-12T15:56:24,captured
437,555,paypal,28703,2026-03-23T18:50:41,captured
438,556,credit_card,76881,2026-05-25T09:46:10,captured
439,557,gift_card,12082,2026-02-11T19:39:35,captured
440,559,apple_pay,89543,2025-04-22T08:51:48,captured
441,560,apple_pay,127405,2024-06-03T18:05:23,captured
442,561,paypal,144566,2024-12-04T18:02:42,captured
443,562,paypal,103573,2025-02-14T12:20:13,captured
444,563,apple_pay,16710,2025-10-17T13:00:42,captured
445,564,credit_card,58346,2025-05-04T12:02:12,captured
446,565,apple_pay,154096,2026-03-24T10:13:15,captured
447,566,credit_card,94271,2025-06-09T20:57:17,refunded
448,567,gift_card,53981,2026-03-18T19:37:50,captured
449,569,paypal,51461,2025-11-25T17:44:56,captured
450,571,apple_pay,116004,2026-05-25T17:08:16,captured
451,572,gift_card,9014,2026-04-28T23:03:32,captured
452,575,paypal,155236,2024-03-25T08:19:44,captured
453,576,credit_card,96917,2026-05-31T19:34:15,captured
454,578,apple_pay,96421,2026-05-31T12:26:14,captured
455,579,credit_card,108700,2026-04-07T22:50:23,captured
456,580,credit_card,104793,2026-02-01T14:01:16,captured
457,581,apple_pay,66714,2025-04-24T17:39:00,refunded
458,582,credit_card,82484,2026-05-28T18:21:54,refunded
459,584,paypal,3774,2025-01-08T12:54:49,captured
460,585,gift_card,101467,2026-05-18T14:33:29,captured
461,586,gift_card,104259,2026-01-27T13:07:17,refunded
462,587,apple_pay,26342,2025-08-21T15:08:42,captured
463,588,gift_card,102338,2026-02-11T20:09:56,refunded
464,589,gift_card,81943,2026-03-20T12:57:04,refunded
465,590,gift_card,38378,2026-04-02T12:07:27,refunded
466,591,paypal,88264,2025-12-25T11:13:57,captured
467,592,paypal,61979,2026-01-05T16:59:01,captured
468,593,apple_pay,84182,2026-01-06T08:28:42,captured
469,595,apple_pay,32084,2025-01-09T11:19:25,refunded
470,597,apple_pay,83931,2026-01-30T10:42:54,captured
471,598,paypal,41020,2026-01-09T10:47:04,captured
472,599,credit_card,94340,2026-05-20T09:57:06,captured
473,600,paypal,48616,2025-03-13T21:05:32,captured
474,601,credit_card,162617,2025-08-19T08:44:29,captured
475,602,paypal,140652,2026-02-27T18:22:26,captured
476,603,gift_card,151516,2025-12-31T08:59:14,captured
477,604,credit_card,151734,2026-02-11T09:39:18,captured
478,605,credit_card,71688,2026-04-27T08:56:13,refunded
479,608,gift_card,143968,2026-02-27T16:03:10,captured
480,609,paypal,87253,2026-04-08T21:09:27,refunded
481,610,gift_card,81734,2025-10-15T16:24:26,captured
482,611,credit_card,76088,2025-08-28T16:00:31,captured
483,612,gift_card,88076,2025-04-03T10:57:27,captured
484,613,gift_card,41143,2026-01-27T11:16:19,refunded
485,614,gift_card,149054,2026-04-12T10:14:29,captured
486,615,apple_pay,39254,2025-12-05T18:24:13,captured
487,616,credit_card,112775,2025-08-07T17:17:45,captured
488,617,apple_pay,81413,2025-03-14T15:51:25,captured
489,618,gift_card,54874,2024-10-02T09:17:08,captured
490,619,gift_card,84646,2025-06-15T13:18:06,captured
491,620,credit_card,64456,2026-01-01T12:49:01,captured
492,622,credit_card,9014,2026-05-09T21:03:42,captured
493,623,paypal,104745,2026-05-25T19:28:11,captured
494,624,gift_card,22236,2026-03-23T16:47:35,captured
495,625,credit_card,70058,2026-02-27T09:58:49,captured
496,626,apple_pay,137595,2026-02-13T10:48:52,captured
497,627,gift_card,108990,2026-02-08T15:30:00,captured
498,628,gift_card,66884,2025-07-26T11:35:34,captured
499,629,gift_card,27706,2025-09-05T13:15:45,captured
500,630,credit_card,42904,2024-11-09T14:21:07,captured
501,631,credit_card,79979,2026-01-29T13:17:35,refunded
502,633,apple_pay,130465,2026-05-21T11:45:00,captured
503,634,paypal,53742,2025-08-07T22:18:07,captured
504,636,paypal,3435,2025-07-02T08:56:13,captured
505,638,gift_card,11384,2025-04-07T15:14:03,captured
506,639,apple_pay,135192,2025-03-05T16:06:48,captured
507,640,paypal,80089,2026-03-16T09:43:46,refunded
508,641,apple_pay,79569,2026-06-01T21:17:33,captured
509,642,gift_card,156559,2026-04-07T10:25:46,captured
510,643,credit_card,102110,2026-02-03T12:19:15,captured
511,644,apple_pay,111757,2025-01-16T11:48:26,captured
512,645,apple_pay,67024,2025-04-07T09:12:51,captured
513,646,paypal,74804,2026-05-19T17:01:14,captured
514,647,paypal,30912,2025-05-30T10:22:29,captured
515,649,gift_card,29784,2026-02-04T10:11:10,captured
516,650,credit_card,127464,2025-04-08T18:51:13,captured
517,651,gift_card,55628,2025-02-24T22:12:14,captured
518,652,credit_card,49774,2025-10-04T08:51:31,refunded
519,653,credit_card,19317,2025-09-23T21:45:01,captured
520,654,credit_card,43080,2025-01-22T09:25:44,captured
521,655,credit_card,82190,2025-06-01T21:23:32,captured
522,656,apple_pay,70378,2024-11-06T17:58:02,captured
523,659,credit_card,74060,2025-10-18T13:20:03,captured
524,661,apple_pay,154457,2026-02-05T19:37:33,refunded
525,664,gift_card,51394,2026-03-29T14:13:08,refunded
526,665,apple_pay,10850,2025-10-23T17:43:56,captured
527,666,gift_card,36848,2025-01-14T11:36:37,refunded
528,667,apple_pay,153607,2025-04-29T19:15:05,captured
529,668,paypal,118482,2025-08-28T22:12:15,captured
530,669,paypal,90030,2026-05-02T20:27:55,captured
531,670,apple_pay,38481,2026-05-02T13:39:26,captured
532,671,paypal,24272,2026-04-30T21:14:21,captured
533,672,credit_card,115969,2026-05-25T12:07:03,captured
534,673,apple_pay,120972,2026-05-25T14:37:06,refunded
535,675,gift_card,96538,2025-06-14T20:23:18,refunded
536,676,credit_card,122252,2026-01-16T11:27:21,captured
537,677,gift_card,199914,2024-08-21T15:02:07,refunded
538,678,credit_card,37656,2026-05-25T19:26:35,captured
539,679,apple_pay,75075,2026-05-22T13:19:35,refunded
540,680,credit_card,71886,2026-05-14T18:15:59,captured
541,681,credit_card,45934,2026-04-24T14:42:09,captured
542,683,apple_pay,71846,2026-04-11T08:58:41,captured
543,684,paypal,59011,2026-05-19T08:59:23,captured
544,686,credit_card,102669,2026-05-22T08:40:59,refunded
545,689,credit_card,60692,2026-05-09T12:24:15,captured
546,690,apple_pay,51493,2025-06-09T21:33:06,captured
547,691,apple_pay,47626,2024-09-18T22:11:34,captured
548,692,apple_pay,54319,2026-02-17T16:47:40,captured
549,694,gift_card,43936,2025-04-05T16:59:49,refunded
550,695,credit_card,12130,2026-03-13T21:00:55,refunded
551,697,apple_pay,63440,2025-12-29T16:37:51,captured
552,698,apple_pay,69130,2026-02-09T17:11:42,captured
553,699,paypal,133143,2026-02-21T14:55:09,refunded
554,700,paypal,48240,2026-01-20T22:10:42,captured
555,702,apple_pay,126160,2026-05-27T22:12:21,captured
556,703,gift_card,120844,2026-03-17T14:01:38,captured
557,704,credit_card,18144,2025-11-12T21:38:14,captured
558,705,paypal,95820,2024-12-09T10:27:12,captured
559,706,apple_pay,78637,2025-08-25T16:01:54,refunded
560,707,paypal,6898,2026-05-08T16:35:35,refunded
561,708,gift_card,45872,2026-01-24T14:19:56,refunded
562,709,credit_card,57466,2025-02-03T16:41:47,captured
563,710,paypal,36308,2026-04-25T23:13:00,captured
564,711,gift_card,87268,2026-01-24T20:24:55,captured
565,712,paypal,149646,2026-03-24T17:48:24,captured
566,713,credit_card,20807,2026-04-10T16:42:51,captured
567,714,apple_pay,34400,2026-03-25T14:54:00,refunded
568,715,credit_card,104289,2026-04-04T20:50:25,captured
569,716,credit_card,139475,2026-05-16T15:24:42,captured
570,717,paypal,132363,2026-03-30T17:44:58,captured
571,718,apple_pay,111320,2025-09-20T15:52:41,captured
572,719,apple_pay,16459,2026-06-01T08:36:36,captured
573,720,credit_card,51156,2026-05-24T20:03:52,captured
574,721,gift_card,166700,2024-12-05T18:00:43,captured
575,722,apple_pay,44797,2024-11-05T21:43:54,captured
576,724,credit_card,80682,2024-07-04T18:14:46,captured
577,725,paypal,106815,2024-07-04T09:31:24,refunded
578,726,apple_pay,51903,2025-11-11T16:01:42,captured
579,727,apple_pay,83278,2026-05-29T21:12:36,refunded
580,728,paypal,163418,2024-11-02T21:24:13,captured
581,729,apple_pay,34741,2025-04-01T10:04:47,captured
582,730,paypal,15096,2025-06-07T17:08:28,captured
583,732,paypal,149682,2026-03-09T14:04:57,captured
584,733,gift_card,76611,2026-04-03T22:04:16,captured
585,734,credit_card,17200,2026-03-13T16:07:34,captured
586,735,paypal,156416,2026-03-15T15:18:12,captured
587,736,apple_pay,107627,2025-12-27T14:37:22,captured
588,738,gift_card,85356,2025-08-22T14:07:19,captured
589,739,apple_pay,71867,2026-05-19T10:12:45,captured
590,740,apple_pay,81752,2026-02-11T16:07:14,captured
591,741,gift_card,72375,2026-02-04T09:50:58,refunded
592,742,credit_card,55486,2025-07-19T09:49:52,refunded
593,743,gift_card,98149,2025-12-18T19:10:42,captured
594,744,gift_card,129320,2026-03-08T22:42:57,captured
595,745,apple_pay,89268,2026-01-31T09:01:01,captured
596,746,apple_pay,107897,2025-08-06T22:40:32,captured
597,748,apple_pay,57788,2025-08-17T16:01:35,captured
598,749,apple_pay,83532,2026-04-04T10:31:40,captured
599,750,credit_card,25100,2025-10-26T22:54:27,captured
600,751,paypal,117813,2025-07-30T11:15:22,captured
601,752,credit_card,5592,2026-03-18T17:31:27,refunded
602,753,credit_card,127135,2025-12-23T13:53:48,captured
603,754,paypal,12272,2025-05-21T15:37:16,captured
604,755,credit_card,39272,2026-02-17T21:00:26,captured
605,756,paypal,9195,2026-05-15T10:10:17,captured
606,757,gift_card,112684,2026-05-01T22:44:40,captured
607,758,credit_card,63757,2026-02-13T13:50:16,captured
608,759,paypal,31492,2025-08-24T09:41:43,captured
609,760,apple_pay,89705,2026-04-21T17:27:24,captured
610,761,gift_card,93402,2026-05-30T12:20:00,captured
611,762,gift_card,73517,2026-05-24T08:38:08,captured
612,763,paypal,63440,2026-04-24T12:05:03,refunded
613,764,gift_card,50078,2026-04-21T22:58:44,captured
614,766,apple_pay,34881,2024-12-19T10:53:26,captured
615,767,credit_card,124293,2025-07-14T19:33:55,captured
616,768,apple_pay,76198,2025-07-03T13:06:29,captured
617,769,apple_pay,86215,2025-01-10T20:42:15,captured
618,771,credit_card,29954,2025-07-04T08:34:38,captured
619,772,paypal,63498,2024-11-21T16:31:45,captured
620,773,apple_pay,57445,2026-04-16T15:43:39,captured
621,774,paypal,92882,2026-03-14T21:49:47,refunded
622,775,apple_pay,114584,2025-07-02T20:26:55,captured
623,776,credit_card,31000,2026-02-18T17:22:32,refunded
624,777,credit_card,63440,2026-01-12T22:02:01,captured
625,778,paypal,155173,2026-05-19T19:16:35,captured
626,779,paypal,56016,2026-01-30T21:00:17,refunded
627,780,gift_card,60859,2026-01-09T20:07:24,captured
628,782,apple_pay,137777,2025-12-17T16:58:36,refunded
629,783,credit_card,119288,2025-10-20T17:32:57,captured
630,784,apple_pay,75111,2026-02-24T20:39:23,captured
631,785,gift_card,124742,2026-03-27T17:12:51,captured
632,786,credit_card,153996,2025-07-29T21:51:22,captured
633,788,credit_card,59692,2025-10-08T23:00:56,refunded
634,789,credit_card,71194,2026-02-01T15:26:03,refunded
635,790,credit_card,129930,2026-02-05T19:44:14,captured
636,791,gift_card,93239,2025-12-31T19:40:44,captured
637,792,gift_card,116938,2025-03-04T22:01:05,captured
638,793,apple_pay,30826,2024-12-27T15:40:33,captured
639,794,gift_card,81726,2025-08-24T11:47:16,captured
640,795,gift_card,16275,2025-04-30T22:20:45,captured
641,796,credit_card,116870,2024-08-11T20:05:00,captured
642,798,credit_card,29489,2026-02-14T09:22:05,captured
643,799,apple_pay,35700,2024-05-20T11:57:46,captured
644,800,credit_card,25471,2024-12-15T20:49:45,captured
645,802,credit_card,39396,2025-09-07T22:08:14,captured
646,803,paypal,136319,2025-04-22T09:03:01,captured
647,805,paypal,13636,2024-08-11T11:19:25,captured
648,806,apple_pay,12227,2024-08-18T14:23:06,captured
649,807,apple_pay,96579,2024-09-27T19:17:34,captured
650,808,apple_pay,108131,2025-07-08T09:19:37,captured
651,809,credit_card,25865,2025-11-28T10:17:58,captured
652,811,paypal,174361,2026-01-06T16:55:05,refunded
653,812,paypal,85893,2026-02-17T22:29:51,refunded
654,813,paypal,32763,2026-03-08T08:28:05,captured
655,815,credit_card,57502,2026-05-01T20:25:06,captured
656,816,apple_pay,17626,2026-04-23T08:55:52,captured
657,817,credit_card,33606,2026-02-02T11:18:04,refunded
658,818,apple_pay,81777,2026-05-09T09:09:10,captured
659,819,apple_pay,105344,2026-01-12T15:01:56,refunded
660,820,gift_card,34927,2025-12-30T20:49:50,captured
661,821,paypal,129493,2025-06-21T11:03:10,captured
662,823,apple_pay,139523,2025-10-12T18:27:23,captured
663,824,apple_pay,121695,2025-09-29T14:57:45,captured
664,825,apple_pay,71252,2025-03-03T10:11:11,captured
665,826,gift_card,93142,2025-09-27T14:55:19,captured
666,828,paypal,28962,2026-05-31T19:01:29,refunded
667,829,gift_card,12939,2026-05-29T20:02:28,captured
668,830,apple_pay,120158,2026-05-29T12:31:54,captured
669,831,apple_pay,17517,2025-08-17T08:34:17,captured
670,832,paypal,62221,2026-05-13T23:14:23,refunded
671,833,credit_card,9461,2025-03-23T12:37:36,captured
672,834,paypal,42518,2024-12-09T11:40:39,captured
673,835,paypal,55768,2025-06-11T17:51:52,captured
674,837,paypal,74646,2025-12-13T16:32:24,refunded
675,838,paypal,88544,2026-05-30T22:52:48,captured
676,840,credit_card,107264,2026-04-02T21:42:07,captured
677,841,credit_card,113956,2025-11-20T15:12:03,captured
678,843,credit_card,36425,2026-04-06T16:07:00,captured
679,845,paypal,4556,2026-05-22T16:33:13,captured
680,846,apple_pay,92366,2026-05-12T19:09:01,captured
681,848,apple_pay,73743,2026-01-21T18:43:51,captured
682,850,gift_card,130396,2025-12-25T15:35:02,captured
683,851,gift_card,78403,2024-09-17T09:21:33,captured
684,852,gift_card,62707,2026-02-28T20:24:39,refunded
685,853,apple_pay,57360,2026-04-09T12:17:38,refunded
686,854,apple_pay,27510,2026-03-06T10:33:14,captured
687,855,paypal,110838,2024-11-28T19:01:56,refunded
688,857,gift_card,60127,2026-05-13T10:56:07,captured
689,858,paypal,106942,2026-01-28T20:34:59,captured
690,859,credit_card,63416,2025-08-02T11:20:42,captured
691,862,credit_card,75691,2025-02-17T08:14:14,captured
692,863,apple_pay,7873,2025-04-07T09:28:13,captured
693,864,paypal,143344,2026-05-22T23:21:00,captured
694,866,apple_pay,89311,2026-01-12T12:19:56,captured
695,867,apple_pay,17541,2025-09-29T20:58:38,captured
696,868,gift_card,29499,2025-10-15T10:30:38,refunded
697,870,credit_card,118692,2025-09-26T19:46:26,captured
698,871,gift_card,67292,2025-09-06T11:08:31,captured
699,872,paypal,100484,2026-03-11T20:13:00,captured
700,873,gift_card,139901,2025-09-29T18:48:49,captured
701,874,credit_card,58675,2026-05-02T15:38:50,captured
702,875,paypal,145983,2026-04-24T09:03:23,captured
703,876,credit_card,15096,2025-12-06T19:08:11,captured
704,877,credit_card,62447,2026-03-01T19:28:14,captured
705,879,paypal,170629,2025-08-28T23:23:31,captured
706,880,gift_card,72557,2025-06-02T09:43:09,captured
707,881,apple_pay,89662,2026-05-15T09:44:55,refunded
708,883,paypal,5301,2026-04-23T12:03:06,captured
709,884,paypal,133014,2024-04-27T22:33:53,captured
710,885,apple_pay,83532,2025-09-03T16:29:40,captured
711,886,credit_card,64374,2025-12-26T11:06:32,captured
712,887,apple_pay,39187,2026-04-13T15:12:30,captured
713,889,apple_pay,71094,2026-03-15T21:07:08,captured
714,890,apple_pay,81286,2026-04-16T21:56:01,captured
715,892,apple_pay,80917,2025-12-08T14:31:49,captured
716,893,paypal,41715,2025-08-04T09:12:34,refunded
717,895,credit_card,185455,2026-01-22T09:53:56,captured
718,896,credit_card,14188,2026-03-08T22:53:51,captured
719,897,apple_pay,62400,2025-11-05T12:36:08,captured
720,898,gift_card,3449,2025-04-24T11:15:11,captured
721,899,credit_card,106505,2026-02-28T15:35:30,captured
722,900,paypal,178167,2025-04-24T11:24:10,captured
723,901,apple_pay,60507,2025-11-24T16:24:10,refunded
724,902,paypal,61602,2025-04-02T13:51:05,refunded
725,903,paypal,54381,2025-02-12T20:07:54,captured
726,904,paypal,48124,2026-04-05T11:37:33,refunded
727,905,paypal,187425,2025-05-28T17:23:11,refunded
728,907,gift_card,62609,2026-02-27T22:33:19,refunded
729,909,apple_pay,86346,2026-03-25T20:36:19,captured
730,911,gift_card,11862,2026-05-13T23:25:28,captured
731,912,paypal,73099,2026-04-30T21:02:13,captured
732,913,gift_card,100823,2026-05-31T13:25:21,captured
733,914,paypal,36562,2026-04-01T19:18:49,captured
734,915,apple_pay,94323,2025-10-10T13:14:15,captured
735,916,credit_card,159960,2024-08-22T15:36:24,captured
736,917,credit_card,140018,2026-03-15T22:14:53,captured
737,918,apple_pay,15456,2024-09-23T14:49:39,captured
738,919,apple_pay,97660,2024-07-10T17:46:49,captured
739,921,credit_card,47724,2025-06-07T15:52:13,captured
740,922,gift_card,110872,2025-09-20T20:03:55,captured
741,923,credit_card,3889,2026-05-18T21:00:35,captured
742,924,gift_card,64340,2025-06-01T17:09:33,captured
743,925,paypal,53342,2025-11-07T11:38:18,captured
744,926,gift_card,73322,2025-08-15T22:25:04,captured
745,927,paypal,85624,2025-03-23T19:58:53,captured
746,928,paypal,134980,2024-11-08T18:07:47,refunded
747,929,paypal,98314,2025-03-25T08:23:12,captured
748,931,credit_card,56752,2025-08-21T13:58:36,captured
749,932,gift_card,82081,2026-02-19T09:38:34,captured
750,933,apple_pay,113897,2026-01-27T09:57:10,captured
751,934,credit_card,27760,2025-07-10T12:11:37,captured
752,935,paypal,76865,2025-03-31T13:28:14,captured
753,936,credit_card,12310,2025-07-27T17:56:22,captured
754,937,credit_card,167244,2026-06-01T20:29:34,refunded
755,938,paypal,14917,2026-01-11T08:51:47,captured
756,939,apple_pay,144583,2025-10-09T08:42:36,captured
757,940,paypal,17076,2026-01-24T10:05:10,captured
758,941,credit_card,39715,2025-02-02T16:34:24,captured
759,942,gift_card,186201,2025-04-04T20:11:01,captured
760,943,credit_card,65869,2025-11-06T14:47:16,captured
761,944,gift_card,131069,2026-05-18T19:35:21,refunded
762,945,credit_card,11749,2025-03-25T15:30:45,captured
763,946,paypal,51732,2026-04-02T19:45:09,captured
764,947,gift_card,90633,2025-04-23T22:12:31,refunded
765,948,credit_card,11826,2025-11-24T09:28:39,captured
766,950,paypal,48588,2025-09-27T09:37:35,captured
767,952,apple_pay,24609,2026-01-28T12:39:46,captured
768,955,apple_pay,85294,2025-10-26T20:12:08,captured
769,956,paypal,59991,2026-05-07T20:49:18,captured
770,957,paypal,70779,2025-07-04T12:29:19,captured
771,958,paypal,84555,2026-04-03T20:33:06,captured
772,959,gift_card,47814,2026-05-07T12:59:51,captured
773,960,paypal,12892,2026-05-16T10:01:25,captured
774,962,apple_pay,12912,2024-10-29T23:18:30,captured
775,963,paypal,139216,2026-04-17T22:43:48,captured
776,964,apple_pay,32384,2025-12-18T16:38:45,captured
777,965,apple_pay,21192,2026-04-11T18:13:03,captured
778,966,credit_card,104060,2026-04-20T23:17:37,captured
779,967,apple_pay,108212,2026-03-11T13:54:22,refunded
780,968,gift_card,128296,2026-05-02T16:52:54,refunded
781,969,credit_card,116160,2026-04-01T19:14:53,captured
782,970,apple_pay,97598,2025-10-20T17:06:18,refunded
783,971,apple_pay,115357,2025-11-24T12:08:55,captured
784,972,paypal,10854,2025-02-28T16:25:20,captured
785,973,gift_card,48048,2025-06-22T15:37:06,refunded
786,974,apple_pay,155506,2025-08-21T20:26:27,captured
787,976,gift_card,66362,2025-08-25T17:21:20,captured
788,977,apple_pay,122740,2026-04-05T10:29:28,captured
789,978,paypal,29499,2026-05-10T08:39:57,refunded
790,979,credit_card,32379,2026-03-01T20:47:49,captured
791,980,paypal,80336,2026-03-20T12:58:00,refunded
792,981,paypal,28761,2026-04-03T20:22:01,captured
793,983,apple_pay,70928,2026-05-01T09:58:06,captured
794,984,paypal,28945,2026-04-22T22:00:11,captured
795,985,credit_card,62740,2025-02-14T15:00:01,captured
796,986,apple_pay,43698,2025-06-28T22:35:43,captured
797,987,apple_pay,74060,2024-11-18T17:29:54,captured
798,988,paypal,77491,2025-12-14T17:25:47,captured
799,989,apple_pay,69076,2025-10-12T11:07:36,captured
800,990,gift_card,91251,2024-07-24T15:44:41,captured
801,991,credit_card,34093,2024-06-17T17:00:34,captured
802,992,gift_card,18733,2024-11-10T20:58:19,captured
803,993,gift_card,66128,2024-12-08T08:21:15,captured
804,994,paypal,115246,2025-04-26T12:06:25,captured
805,995,gift_card,89102,2024-09-27T09:22:56,captured
806,996,credit_card,21376,2025-04-14T21:21:17,captured
807,997,paypal,93645,2025-04-14T19:29:06,captured
808,998,paypal,123399,2024-11-07T11:07:47,captured
809,999,paypal,97428,2025-10-10T17:12:28,captured
810,1001,gift_card,99799,2025-01-08T15:20:27,captured
811,1002,gift_card,42498,2025-05-22T13:41:32,captured
812,1004,gift_card,151444,2025-01-13T08:51:06,captured
813,1005,credit_card,91182,2025-11-11T17:50:41,refunded
814,1006,apple_pay,142882,2026-04-15T08:53:14,captured
815,1007,gift_card,104440,2026-03-23T22:56:09,captured
816,1008,credit_card,94176,2024-04-21T11:51:11,captured
817,1009,apple_pay,81137,2024-11-07T09:22:41,captured
818,1010,credit_card,10184,2025-09-28T23:18:48,captured
819,1011,apple_pay,28192,2025-01-20T14:22:21,captured
820,1012,gift_card,33101,2026-01-09T19:19:02,captured
821,1013,apple_pay,79668,2025-05-29T16:59:24,captured
822,1014,gift_card,118199,2025-02-11T08:51:21,captured
823,1015,apple_pay,15234,2025-01-10T09:15:51,captured
824,1016,apple_pay,45712,2024-07-05T19:24:18,captured
825,1017,paypal,43944,2026-01-29T21:59:08,captured
826,1018,gift_card,165862,2026-03-28T20:35:19,captured
827,1019,paypal,90958,2025-11-10T15:22:58,captured
828,1020,apple_pay,208319,2026-05-08T23:13:30,captured
829,1021,apple_pay,178167,2025-12-23T19:50:44,captured
830,1022,credit_card,24228,2026-03-07T19:11:28,captured
831,1023,credit_card,12954,2025-09-02T23:08:57,captured
832,1024,credit_card,61038,2026-01-19T15:37:35,refunded
833,1025,gift_card,36941,2025-02-16T14:45:18,refunded
834,1027,gift_card,40481,2026-05-02T11:56:58,refunded
835,1028,paypal,45780,2025-04-12T18:20:48,captured
836,1029,apple_pay,13244,2026-05-24T11:33:49,captured
837,1032,paypal,14346,2025-07-30T08:59:08,captured
838,1033,gift_card,121974,2026-04-28T12:41:13,captured
839,1034,gift_card,17803,2026-05-11T19:02:23,captured
840,1035,credit_card,90021,2026-04-18T11:56:24,captured
841,1036,paypal,19396,2026-05-22T20:46:43,refunded
842,1037,apple_pay,161140,2026-04-28T11:58:23,refunded
843,1038,apple_pay,96172,2025-10-10T12:39:52,captured
844,1039,apple_pay,66346,2026-04-22T12:09:22,refunded
845,1040,paypal,51600,2026-02-10T12:40:11,captured
846,1043,paypal,20240,2026-05-29T09:24:19,captured
847,1044,paypal,125187,2026-05-01T10:13:37,captured
848,1045,credit_card,16776,2026-02-12T14:43:51,refunded
849,1046,credit_card,38400,2026-05-03T16:38:56,captured
850,1047,apple_pay,63974,2026-05-12T14:43:21,captured
851,1048,credit_card,78564,2026-04-30T08:30:31,captured
852,1049,apple_pay,37407,2026-04-10T15:17:12,captured
853,1050,credit_card,63440,2025-09-23T10:24:56,captured
854,1052,credit_card,133448,2026-05-29T18:14:04,captured
855,1053,credit_card,7138,2026-05-29T21:56:00,captured
856,1054,paypal,16731,2025-11-15T12:14:48,captured
857,1055,paypal,67384,2025-06-25T23:06:34,captured
858,1057,paypal,95992,2025-06-22T08:54:46,captured
859,1058,apple_pay,140789,2025-12-11T13:54:17,captured
860,1059,gift_card,84950,2026-05-08T12:26:45,captured
861,1060,credit_card,60516,2025-09-27T23:00:31,refunded
862,1062,gift_card,59071,2026-02-07T08:13:46,captured
863,1063,paypal,63403,2025-04-07T13:31:44,captured
864,1064,credit_card,67564,2025-12-10T14:10:08,captured
865,1065,credit_card,100447,2025-12-31T10:01:35,refunded
866,1067,paypal,79562,2025-12-04T20:16:23,captured
867,1068,apple_pay,50904,2026-01-14T11:45:37,captured
868,1069,apple_pay,77268,2026-04-28T09:46:59,captured
869,1070,credit_card,102469,2026-04-27T15:22:07,captured
870,1071,gift_card,130620,2026-04-17T20:54:06,captured
871,1072,paypal,46368,2024-09-16T13:45:48,captured
872,1073,credit_card,40922,2026-02-09T21:22:41,captured
873,1074,paypal,118061,2025-09-15T21:02:11,refunded
874,1075,apple_pay,178378,2025-03-16T18:00:38,captured
875,1076,gift_card,132793,2025-10-12T09:46:56,captured
876,1078,apple_pay,50208,2025-09-22T13:44:59,captured
877,1079,apple_pay,128693,2025-05-23T19:13:50,captured
878,1082,paypal,44061,2024-12-24T15:16:44,captured
879,1085,paypal,42545,2026-01-04T23:02:34,captured
880,1086,gift_card,103603,2025-10-19T10:06:06,captured
881,1087,paypal,136796,2026-01-22T14:38:28,captured
882,1089,paypal,78098,2024-12-04T21:17:17,captured
883,1090,credit_card,208583,2026-05-28T11:26:42,captured
884,1091,credit_card,48327,2026-03-16T11:47:48,captured
885,1092,paypal,19666,2026-05-03T12:37:09,captured
886,1093,apple_pay,47692,2026-01-03T12:12:19,refunded
887,1094,credit_card,83500,2025-11-11T09:41:57,captured
888,1095,gift_card,86000,2025-10-02T19:14:14,captured
889,1097,paypal,131469,2026-05-15T13:20:51,refunded
890,1099,credit_card,44319,2026-04-23T14:47:20,captured
891,1100,paypal,83287,2026-02-07T16:43:48,refunded
892,1101,credit_card,166315,2026-05-15T23:03:50,captured
893,1102,credit_card,112248,2026-05-27T17:23:14,captured
894,1103,gift_card,111040,2025-08-10T13:51:32,captured
895,1104,apple_pay,57009,2026-04-24T18:34:33,captured
896,1105,credit_card,93227,2026-05-17T20:22:59,captured
897,1107,gift_card,87190,2025-11-13T13:41:32,captured
898,1108,apple_pay,73503,2025-06-23T10:56:20,captured
899,1110,apple_pay,83226,2025-11-04T10:03:22,captured
900,1111,credit_card,145335,2025-07-03T14:00:40,captured
901,1112,apple_pay,78433,2025-08-05T21:22:42,captured
902,1115,gift_card,30308,2026-01-04T13:55:25,captured
903,1116,paypal,112702,2026-04-26T19:48:27,captured
904,1117,gift_card,144464,2026-05-14T15:38:54,captured
905,1118,credit_card,25798,2025-12-02T13:47:48,refunded
906,1119,paypal,46778,2024-12-03T08:41:47,captured
907,1120,apple_pay,84738,2024-11-07T11:13:16,captured
908,1121,apple_pay,2380,2026-01-13T09:23:55,refunded
909,1122,paypal,105795,2026-04-18T16:26:03,captured
910,1123,paypal,72616,2026-04-05T09:45:29,captured
911,1124,credit_card,44568,2024-12-10T15:07:35,captured
912,1125,gift_card,9228,2025-12-19T08:39:02,captured
913,1126,credit_card,8177,2026-04-29T18:22:58,captured
914,1127,paypal,21838,2026-01-23T19:42:36,captured
915,1128,credit_card,44241,2025-12-08T08:03:20,captured
916,1130,gift_card,38918,2026-04-17T16:31:07,captured
917,1131,gift_card,113472,2025-12-21T20:59:19,refunded
918,1132,credit_card,70951,2026-04-22T10:50:30,refunded
919,1133,apple_pay,151890,2026-01-11T14:03:15,captured
920,1134,apple_pay,66180,2025-04-26T18:12:44,captured
921,1136,paypal,69067,2024-12-12T10:35:36,captured
922,1137,apple_pay,143411,2024-05-14T15:56:13,captured
923,1138,paypal,80821,2026-03-04T09:29:07,captured
924,1139,gift_card,30367,2025-03-17T14:07:25,captured
925,1140,credit_card,107862,2026-05-25T18:11:11,captured
926,1141,apple_pay,76109,2026-04-25T14:17:49,captured
927,1144,credit_card,26928,2025-02-11T21:37:41,captured
928,1145,gift_card,15078,2025-05-15T11:48:09,refunded
929,1146,credit_card,58524,2025-09-09T08:32:20,refunded
930,1147,credit_card,97428,2025-07-22T09:50:50,refunded
931,1148,paypal,81501,2026-03-14T21:54:19,captured
932,1149,credit_card,26860,2025-08-22T22:50:31,refunded
933,1151,credit_card,18560,2025-06-26T19:43:57,captured
934,1152,apple_pay,114572,2025-09-30T20:01:17,refunded
935,1153,gift_card,39537,2025-01-09T13:09:09,captured
936,1154,credit_card,28800,2024-07-06T15:09:42,captured
937,1155,apple_pay,15556,2025-07-02T21:12:16,refunded
938,1157,gift_card,46404,2025-02-20T09:23:55,refunded
939,1158,gift_card,70699,2025-12-03T11:23:38,captured
940,1159,gift_card,24976,2025-12-08T17:38:59,captured
941,1160,gift_card,42169,2026-05-25T16:43:01,captured
942,1161,paypal,32441,2025-07-08T14:05:48,captured
943,1162,apple_pay,73816,2026-05-19T18:59:43,captured
944,1164,paypal,89132,2025-08-13T21:34:38,captured
945,1165,paypal,30507,2026-02-08T16:27:02,captured
946,1167,gift_card,21360,2025-09-06T13:56:56,captured
947,1168,gift_card,22619,2025-09-09T12:16:29,refunded
948,1169,paypal,162006,2025-12-03T21:37:36,captured
949,1170,paypal,93884,2024-07-07T22:56:08,captured
950,1171,gift_card,132880,2025-10-09T13:53:15,refunded
951,1172,credit_card,46218,2025-07-13T08:26:36,captured
952,1175,credit_card,44575,2024-09-25T12:58:46,captured
953,1177,credit_card,9833,2026-05-04T08:48:42,captured
954,1178,gift_card,168522,2026-03-05T08:51:40,refunded
955,1179,credit_card,23040,2026-03-10T11:59:31,refunded
956,1180,apple_pay,157999,2025-10-30T17:55:34,captured
957,1182,gift_card,50272,2025-08-24T19:38:25,captured
958,1184,gift_card,60961,2025-07-20T17:16:36,captured
959,1185,gift_card,106454,2026-05-05T17:56:13,captured
960,1186,gift_card,108567,2026-01-18T13:01:22,refunded
961,1187,paypal,152750,2026-01-09T20:36:12,refunded
962,1188,gift_card,24120,2025-02-23T11:02:07,captured
963,1189,gift_card,70300,2026-03-02T21:44:49,captured
964,1190,gift_card,53252,2025-06-19T23:07:38,refunded
965,1191,gift_card,11118,2026-04-15T09:08:41,refunded
966,1192,credit_card,13601,2026-05-30T17:04:03,refunded
967,1193,gift_card,17074,2026-05-02T13:20:43,captured
968,1194,apple_pay,45780,2026-04-10T08:49:40,refunded
969,1195,apple_pay,147430,2026-03-10T12:18:05,captured
970,1197,apple_pay,88755,2026-03-20T12:51:41,captured
971,1198,apple_pay,81328,2026-05-17T17:17:17,captured
972,1199,paypal,70508,2026-03-26T12:47:04,captured
973,1200,paypal,27076,2024-09-06T11:19:46,refunded
974,1201,gift_card,102775,2026-04-18T10:19:48,captured
975,1202,apple_pay,35252,2026-01-23T15:17:56,captured
976,1204,paypal,65126,2026-02-16T08:24:39,captured
977,1205,credit_card,15228,2026-01-19T09:50:16,captured
978,1206,paypal,39604,2026-03-13T09:24:58,captured
979,1207,apple_pay,87468,2026-02-22T17:58:55,captured
980,1208,paypal,75472,2026-05-29T20:26:01,captured
981,1209,credit_card,41397,2026-01-13T22:23:46,captured
982,1210,apple_pay,38113,2026-03-14T12:24:52,captured
983,1211,paypal,7345,2024-08-30T20:20:05,captured
984,1212,paypal,49075,2024-03-28T10:06:00,refunded
985,1215,paypal,3435,2026-03-18T23:03:14,captured
986,1216,gift_card,18556,2026-05-22T14:35:59,captured
987,1218,apple_pay,164627,2026-05-05T17:05:13,captured
988,1219,credit_card,79015,2025-11-09T08:57:44,captured
989,1220,credit_card,87428,2025-09-17T12:09:20,captured
990,1221,credit_card,38704,2026-04-26T09:56:28,captured
991,1222,paypal,75843,2024-09-02T14:12:05,refunded
992,1223,paypal,36848,2025-09-30T13:59:29,captured
993,1224,credit_card,70068,2024-05-01T13:46:00,captured
994,1226,apple_pay,43812,2024-04-29T08:59:31,captured
995,1227,credit_card,80313,2025-04-20T08:53:51,captured
996,1228,gift_card,70214,2026-04-20T20:27:23,captured
997,1229,gift_card,111310,2025-09-21T16:25:50,captured
998,1230,apple_pay,105797,2025-07-24T15:47:33,captured
999,1232,apple_pay,161734,2025-12-27T12:14:58,captured
1000,1233,credit_card,42936,2026-02-21T18:26:44,captured
1001,1234,credit_card,37253,2025-06-16T22:41:38,captured
1002,1235,paypal,36240,2024-12-22T22:46:52,captured
1003,1236,credit_card,82990,2026-05-04T13:28:16,captured
1004,1237,paypal,74696,2025-12-22T17:18:06,captured
1005,1238,apple_pay,106007,2025-03-10T08:35:16,captured
1006,1239,credit_card,115607,2025-11-07T09:15:21,captured
1007,1240,credit_card,86026,2026-04-24T08:15:23,captured
1008,1241,credit_card,41954,2024-12-16T19:44:40,captured
1009,1243,credit_card,85305,2026-05-10T17:32:24,captured
1010,1244,gift_card,128106,2026-02-16T10:20:06,captured
1011,1246,credit_card,48438,2024-09-29T11:02:41,captured
1012,1247,paypal,59384,2026-02-01T21:09:50,captured
1013,1248,gift_card,17988,2026-03-04T08:12:56,refunded
1014,1249,credit_card,42932,2026-02-27T10:07:06,refunded
1015,1250,apple_pay,14346,2026-05-28T11:34:53,refunded
1016,1251,paypal,84163,2026-05-16T17:59:19,captured
1017,1252,apple_pay,119976,2026-05-24T20:55:42,refunded
1018,1253,apple_pay,12084,2026-05-20T13:32:52,refunded
1019,1255,gift_card,2278,2024-06-24T16:10:18,captured
1020,1256,credit_card,70431,2024-06-14T22:32:11,captured
1021,1257,paypal,81060,2025-12-11T12:14:59,captured
1022,1258,credit_card,84718,2024-04-08T11:34:43,captured
1023,1259,gift_card,121553,2025-11-12T17:22:05,captured
1024,1260,gift_card,141288,2026-04-22T20:16:53,captured
1025,1261,gift_card,9676,2026-02-14T17:00:34,captured
1026,1262,paypal,4556,2026-02-12T14:27:53,captured
1027,1263,credit_card,58530,2026-05-09T15:05:19,captured
1028,1264,paypal,44964,2026-02-14T21:10:44,captured
1029,1265,paypal,5194,2025-02-21T13:19:37,captured
1030,1266,paypal,74148,2026-02-27T13:57:49,refunded
1031,1267,credit_card,61422,2026-02-25T09:57:51,captured
1032,1269,gift_card,113612,2024-04-13T22:54:51,refunded
1033,1270,credit_card,45712,2026-03-07T18:06:11,captured
1034,1271,gift_card,41745,2025-03-10T17:54:12,captured
1035,1273,gift_card,56644,2024-08-06T19:16:19,captured
1036,1275,credit_card,13920,2026-01-25T13:06:20,captured
1037,1276,paypal,157380,2026-03-21T18:26:20,captured
1038,1277,credit_card,116287,2026-02-25T11:24:34,captured
1039,1278,apple_pay,94034,2025-08-06T17:11:12,captured
1040,1279,gift_card,60491,2026-02-28T16:42:49,captured
1041,1280,apple_pay,177872,2025-08-03T21:38:10,captured
1042,1281,paypal,57951,2026-03-14T16:27:00,captured
1043,1283,apple_pay,9600,2026-05-03T17:37:58,captured
1044,1284,paypal,124742,2025-08-29T21:51:26,captured
1045,1285,gift_card,114028,2025-10-20T13:44:56,captured
1046,1286,credit_card,104879,2025-10-07T09:56:53,captured
1047,1287,apple_pay,92467,2026-05-17T17:34:48,refunded
1048,1288,gift_card,149143,2026-05-29T18:26:00,captured
1049,1289,paypal,83281,2025-05-27T11:21:19,captured
1050,1290,gift_card,28233,2025-08-22T09:58:45,captured
1051,1291,apple_pay,33882,2026-05-07T22:26:24,captured
1052,1292,apple_pay,114359,2026-03-31T21:12:23,captured
1053,1293,credit_card,52938,2026-05-02T21:50:26,captured
1054,1297,apple_pay,74078,2026-03-08T19:22:52,captured
1055,1298,apple_pay,88813,2026-04-29T09:38:46,captured
1056,1301,credit_card,12892,2025-02-10T16:31:24,captured
1057,1302,paypal,87570,2024-10-29T13:26:16,captured
1058,1303,gift_card,144152,2025-02-12T14:33:59,captured
1059,1304,gift_card,79265,2025-08-13T11:50:59,captured
1060,1305,credit_card,32580,2025-10-27T20:58:11,captured
1061,1307,gift_card,116075,2026-03-09T21:06:03,refunded
1062,1308,gift_card,21249,2025-03-09T08:26:03,captured
1063,1310,paypal,122550,2025-10-02T13:36:03,captured
1064,1311,credit_card,112459,2025-07-11T14:39:09,captured
1065,1312,paypal,89509,2026-01-04T19:23:00,captured
1066,1313,gift_card,44707,2025-11-07T18:45:29,captured
1067,1314,apple_pay,13208,2026-04-17T18:58:56,captured
1068,1315,credit_card,95704,2024-12-19T08:35:50,captured
1069,1316,apple_pay,156352,2026-04-05T16:38:27,refunded
1070,1317,paypal,53296,2026-03-18T18:14:15,captured
1071,1318,credit_card,29628,2026-01-15T22:20:06,captured
1072,1319,credit_card,65203,2026-05-07T16:26:13,refunded
1073,1320,apple_pay,67190,2026-05-16T13:27:19,refunded
1074,1321,credit_card,43951,2026-04-22T21:46:33,captured
1075,1322,apple_pay,11322,2026-01-10T11:45:13,refunded
1076,1324,gift_card,99040,2025-05-08T09:33:20,captured
1077,1326,credit_card,140480,2026-02-26T11:47:39,captured
1078,1327,apple_pay,10850,2026-03-16T21:22:03,captured
1079,1330,gift_card,65736,2026-05-25T15:48:15,captured
1080,1331,paypal,100980,2025-12-24T08:59:56,refunded
1081,1332,credit_card,58299,2026-04-22T16:15:40,refunded
1082,1333,gift_card,37822,2025-12-29T10:14:58,captured
1083,1334,credit_card,13740,2026-05-29T17:08:49,captured
1084,1335,paypal,17619,2026-03-17T15:43:23,refunded
1085,1336,gift_card,144281,2026-04-30T17:44:11,captured
1086,1337,gift_card,155219,2026-06-01T11:56:27,captured
1087,1338,paypal,49722,2026-05-30T09:10:03,captured
1088,1339,gift_card,155867,2026-05-21T22:08:42,captured
1089,1341,credit_card,101037,2026-05-21T22:42:06,captured
1090,1342,paypal,68680,2024-11-04T18:47:06,captured
1091,1343,credit_card,24192,2025-07-16T08:19:29,captured
1092,1344,gift_card,132000,2025-05-10T19:28:24,captured
1093,1345,paypal,93553,2026-02-10T20:55:59,captured
1094,1346,paypal,18320,2025-02-28T21:16:48,captured
1095,1347,credit_card,80184,2025-12-23T15:03:43,refunded
1096,1349,paypal,44568,2025-03-29T20:40:16,captured
1097,1350,gift_card,47226,2025-12-17T09:21:40,captured
1098,1351,gift_card,97633,2026-05-07T21:11:20,refunded
1099,1352,credit_card,59487,2024-04-25T11:57:01,captured
1100,1353,credit_card,16595,2025-07-31T09:18:24,captured
1101,1354,apple_pay,154710,2024-05-21T16:21:58,captured
1102,1355,apple_pay,181416,2025-02-18T13:04:30,captured
1103,1356,credit_card,42865,2026-05-11T12:06:52,refunded
1104,1357,gift_card,6374,2024-11-07T20:05:43,captured
1105,1358,paypal,16574,2024-12-25T19:42:28,captured
1106,1359,credit_card,39787,2025-07-31T15:13:29,captured
1107,1360,paypal,51964,2024-06-12T17:48:59,captured
1108,1361,gift_card,112460,2026-03-05T16:39:48,captured
1109,1362,apple_pay,11746,2024-10-29T12:15:58,captured
1110,1363,apple_pay,87767,2026-01-26T14:14:48,refunded
1111,1364,apple_pay,120691,2024-06-30T12:52:51,captured
1112,1365,apple_pay,121252,2025-08-13T21:12:00,captured
1113,1367,paypal,39168,2026-05-18T21:17:34,captured
1114,1368,apple_pay,56905,2026-05-04T21:04:37,captured
1115,1369,apple_pay,85067,2025-12-17T10:41:36,captured
1116,1371,credit_card,41126,2026-05-17T23:18:26,captured
1117,1372,paypal,16400,2025-06-17T16:45:26,captured
1118,1373,gift_card,25303,2024-12-08T17:50:59,captured
1119,1374,credit_card,96695,2024-10-12T18:10:12,captured
1120,1375,gift_card,67896,2025-11-05T17:10:52,captured
1121,1376,gift_card,111871,2025-02-22T15:38:55,captured
1122,1377,credit_card,154312,2025-07-31T18:14:34,captured
1123,1379,credit_card,38400,2026-05-01T10:52:10,captured
1124,1380,gift_card,22035,2026-03-18T19:10:44,captured
1125,1381,apple_pay,165330,2024-10-10T10:37:43,captured
1126,1383,apple_pay,60930,2026-05-01T14:51:04,captured
1127,1384,paypal,33148,2024-12-01T09:41:08,refunded
1128,1386,apple_pay,132521,2025-11-18T15:01:13,captured
1129,1387,apple_pay,83072,2025-07-02T17:20:34,captured
1130,1388,apple_pay,92312,2026-03-26T12:41:40,captured
1131,1390,gift_card,79155,2025-02-14T15:37:30,captured
1132,1391,gift_card,8255,2025-01-09T10:42:15,captured
1133,1392,paypal,8203,2025-01-16T14:41:50,captured
1134,1393,apple_pay,74756,2025-06-20T19:33:28,captured
1135,1395,gift_card,10190,2025-06-05T09:03:02,captured
1136,1396,credit_card,92143,2026-02-02T21:52:45,refunded
1137,1397,paypal,75948,2026-02-01T11:55:12,captured
1138,1398,gift_card,107870,2026-01-04T22:21:52,captured
1139,1401,gift_card,23310,2026-04-09T21:29:08,captured
1140,1402,apple_pay,26788,2026-04-04T19:59:30,captured
1141,1403,credit_card,50208,2024-10-18T12:54:15,captured
1142,1406,apple_pay,106432,2026-03-21T08:14:58,refunded
1143,1407,paypal,144351,2026-01-25T16:51:07,captured
1144,1408,apple_pay,71280,2025-09-05T08:10:30,captured
1145,1410,paypal,52551,2026-05-15T18:54:23,captured
1146,1411,apple_pay,157622,2026-04-17T14:42:16,captured
1147,1412,apple_pay,104719,2026-02-24T16:19:58,captured
1148,1413,gift_card,84212,2026-03-04T09:51:31,captured
1149,1414,paypal,16085,2026-03-29T13:36:37,captured
1150,1415,paypal,88842,2026-05-27T18:40:15,captured
1151,1416,paypal,131792,2026-03-21T16:00:45,refunded
1152,1417,credit_card,28526,2026-04-03T20:32:10,captured
1153,1418,credit_card,13842,2025-04-19T19:48:28,captured
1154,1419,credit_card,3661,2024-11-14T21:18:32,refunded
1155,1420,apple_pay,54631,2025-02-02T15:49:35,captured
1156,1421,gift_card,22284,2026-04-20T12:24:09,captured
1157,1422,paypal,51135,2026-05-04T11:57:29,captured
1158,1424,paypal,10874,2026-04-29T22:09:07,captured
1159,1425,credit_card,6383,2026-05-25T14:38:35,captured
1160,1426,credit_card,24364,2025-11-07T12:15:21,captured
1161,1427,apple_pay,32001,2025-12-28T16:33:26,captured
1162,1428,credit_card,127744,2026-02-21T11:15:16,captured
1163,1429,gift_card,48268,2024-11-08T22:19:28,captured
1164,1430,credit_card,118022,2024-05-09T12:07:00,captured
1165,1432,apple_pay,121601,2026-06-01T12:30:18,captured
1166,1433,credit_card,73658,2026-05-28T15:35:48,captured
1167,1434,gift_card,92669,2026-06-01T18:00:48,captured
1168,1435,credit_card,106538,2026-05-10T12:43:36,captured
1169,1436,paypal,80448,2026-05-12T17:34:24,refunded
1170,1437,credit_card,141618,2026-05-11T23:05:12,refunded
1171,1438,apple_pay,3774,2026-05-31T14:32:59,captured
1172,1439,paypal,11926,2026-04-12T10:22:45,captured
1173,1440,paypal,104505,2026-04-25T12:49:13,captured
1174,1441,credit_card,6697,2026-04-23T21:56:41,captured
1175,1443,gift_card,60289,2026-05-07T12:03:16,captured
1176,1444,apple_pay,188397,2025-08-07T09:12:43,captured
1177,1445,credit_card,91838,2025-03-03T09:58:33,refunded
1178,1447,credit_card,22457,2024-07-15T20:06:46,captured
1179,1448,credit_card,159949,2024-08-13T15:41:16,captured
1180,1449,gift_card,3449,2024-05-02T08:30:16,captured
1181,1450,apple_pay,78628,2025-12-15T20:44:58,refunded
1182,1451,apple_pay,79846,2026-05-10T11:25:12,captured
1183,1452,apple_pay,112390,2026-05-10T18:06:22,captured
1184,1454,paypal,37242,2026-01-24T09:17:32,captured
1185,1455,paypal,46171,2024-08-01T16:17:05,captured
1186,1456,credit_card,38973,2024-06-24T10:06:28,captured
1187,1458,paypal,134027,2025-08-11T17:36:44,captured
1188,1459,apple_pay,103554,2026-03-22T23:15:40,captured
1189,1461,gift_card,90069,2026-04-08T20:48:21,refunded
1190,1464,credit_card,33018,2026-01-10T13:44:43,captured
1191,1465,paypal,90436,2025-12-11T14:16:51,captured
1192,1466,gift_card,42561,2024-05-29T17:49:28,captured
1193,1467,credit_card,34487,2026-05-29T10:30:55,captured
1194,1468,gift_card,83060,2026-03-26T20:29:12,captured
1195,1469,paypal,140313,2025-06-23T19:44:46,captured
1196,1470,gift_card,92160,2025-10-27T21:55:32,captured
1197,1471,gift_card,114464,2026-02-09T20:42:20,refunded
1198,1474,paypal,52812,2024-08-31T08:57:41,captured
1199,1476,apple_pay,75281,2025-03-21T17:43:21,captured
1200,1477,gift_card,60433,2025-06-10T11:28:44,captured
1201,1478,credit_card,84816,2025-11-28T14:55:39,captured
1202,1479,paypal,62250,2024-09-02T12:25:12,captured
1203,1481,gift_card,12848,2024-12-27T18:38:41,captured
1204,1482,credit_card,88205,2025-02-25T13:58:21,captured
1205,1483,credit_card,47041,2026-03-20T10:49:47,captured
1206,1485,credit_card,23059,2026-03-09T22:28:24,refunded
1207,1486,paypal,33163,2024-09-10T10:24:00,refunded
1208,1487,apple_pay,52458,2026-01-30T10:53:49,captured
1209,1488,gift_card,32264,2024-09-19T14:26:09,refunded
1210,1489,gift_card,218200,2025-07-21T15:44:00,captured
1211,1490,paypal,151593,2024-09-07T12:52:20,captured
1212,1491,credit_card,41961,2024-09-09T19:54:48,captured
1213,1492,credit_card,173571,2024-11-04T14:20:30,captured
1214,1493,apple_pay,155012,2025-12-15T16:03:33,refunded
1215,1494,credit_card,155784,2026-02-05T11:54:35,captured
1216,1495,credit_card,39080,2026-05-27T08:26:03,captured
1217,1496,gift_card,217565,2026-06-01T14:19:39,captured
1218,1497,paypal,98570,2025-11-09T14:38:07,captured
1219,1498,apple_pay,128552,2026-05-08T20:00:49,captured
1220,1499,apple_pay,7048,2026-02-07T12:48:39,refunded
1221,1500,credit_card,113329,2026-05-18T15:20:16,captured
1222,1502,credit_card,155495,2026-05-27T18:47:20,refunded
1223,1503,gift_card,133189,2026-05-23T12:37:22,captured
1224,1504,paypal,97808,2026-04-14T12:43:19,captured
1225,1505,apple_pay,85244,2025-10-08T20:38:22,captured
1226,1506,apple_pay,45770,2026-05-31T13:25:17,refunded
1227,1508,apple_pay,39243,2026-02-14T14:48:50,captured
1228,1509,gift_card,12310,2026-01-05T21:41:14,captured
1229,1510,gift_card,64926,2025-06-28T21:56:43,captured
1230,1511,apple_pay,110065,2026-01-07T18:21:13,captured
1231,1512,apple_pay,49283,2026-03-28T13:58:53,captured
1232,1513,apple_pay,90899,2026-02-04T14:55:59,captured
1233,1514,paypal,42637,2025-12-09T11:57:10,captured
1234,1515,paypal,83637,2026-04-06T10:42:34,captured
1235,1516,apple_pay,30549,2026-05-18T19:11:26,captured
1236,1517,paypal,127781,2025-06-15T22:18:54,captured
1237,1518,credit_card,51304,2026-02-19T13:00:10,captured
1238,1519,gift_card,141169,2024-04-27T17:20:04,captured
1239,1520,gift_card,36739,2025-05-27T19:19:57,captured
1240,1522,credit_card,51218,2025-10-30T11:01:03,captured
1241,1523,apple_pay,59106,2025-12-23T11:27:27,captured
1242,1524,gift_card,102139,2026-02-27T14:18:24,captured
1243,1525,gift_card,49702,2026-03-25T09:09:21,refunded
1244,1526,paypal,34868,2026-05-05T11:01:20,captured
1245,1527,apple_pay,24544,2026-05-19T18:32:06,captured
1246,1529,gift_card,80499,2026-04-01T10:43:03,refunded
1247,1530,gift_card,72786,2026-05-26T17:18:49,captured
1248,1531,paypal,100252,2025-03-21T19:11:18,refunded
1249,1532,apple_pay,62872,2025-01-24T15:10:12,captured
1250,1533,gift_card,21677,2026-05-25T10:20:49,captured
1251,1534,paypal,113953,2025-11-24T08:42:34,refunded
1252,1535,credit_card,76780,2026-01-04T09:31:09,captured
1253,1537,paypal,177176,2026-03-08T13:10:33,captured
1254,1538,gift_card,159014,2025-12-18T18:32:41,captured
1255,1540,apple_pay,160342,2025-11-24T12:49:03,refunded
1256,1541,apple_pay,82741,2024-08-21T10:38:33,captured
1257,1542,gift_card,59212,2025-08-16T21:02:15,captured
1258,1543,apple_pay,121709,2025-12-09T14:30:57,captured
1259,1544,credit_card,49722,2025-10-16T15:47:25,captured
1260,1545,apple_pay,22289,2025-01-09T15:14:34,captured
1261,1546,gift_card,67212,2026-05-06T22:27:55,captured
1262,1547,credit_card,64330,2026-05-20T14:31:58,captured
1263,1549,gift_card,77292,2026-05-04T19:13:41,captured
1264,1550,apple_pay,75775,2026-01-11T17:12:26,captured
1265,1551,apple_pay,102184,2026-05-02T11:15:31,captured
1266,1552,apple_pay,122949,2025-07-16T15:48:10,captured
1267,1553,paypal,101379,2025-02-21T14:41:58,refunded
1268,1554,paypal,36546,2024-08-29T12:56:18,captured
1269,1556,apple_pay,7322,2025-06-17T19:58:06,captured
1270,1557,gift_card,7238,2026-05-16T10:02:46,captured
1271,1558,gift_card,15234,2026-05-01T19:53:05,captured
1272,1560,apple_pay,5194,2026-04-23T22:12:10,captured
1273,1561,paypal,54789,2026-05-11T17:53:42,refunded
1274,1562,paypal,76384,2026-03-24T21:19:12,captured
1275,1563,gift_card,224898,2026-04-01T18:22:56,captured
1276,1564,credit_card,68435,2026-04-14T13:29:08,captured
1277,1565,paypal,61834,2026-01-03T08:23:27,captured
1278,1566,gift_card,44481,2026-02-08T08:47:58,captured
1279,1567,credit_card,101082,2025-11-27T11:00:09,captured
1280,1569,apple_pay,19402,2026-05-21T11:05:50,refunded
1281,1571,apple_pay,137184,2026-03-22T16:31:23,captured
1282,1572,gift_card,69280,2026-03-23T12:37:54,captured
1283,1573,paypal,76492,2025-11-12T19:09:28,captured
1284,1574,gift_card,137463,2026-04-15T15:44:58,captured
1285,1575,paypal,166543,2025-07-02T22:59:47,captured
1286,1576,apple_pay,15903,2025-09-06T14:40:09,captured
1287,1577,gift_card,84752,2025-11-02T11:52:38,captured
1288,1578,paypal,43900,2026-05-18T11:10:03,captured
1289,1580,paypal,152478,2026-02-27T09:12:06,captured
1290,1581,gift_card,30387,2026-05-06T18:18:05,captured
1291,1582,gift_card,84600,2026-04-26T19:18:26,captured
1292,1583,gift_card,91731,2026-04-28T16:36:28,captured
1293,1584,credit_card,62576,2026-01-15T21:49:24,captured
1294,1586,credit_card,112483,2025-09-17T15:16:58,captured
1295,1588,credit_card,30807,2026-04-10T20:56:01,captured
1296,1589,paypal,122572,2026-02-27T21:56:06,captured
1297,1590,gift_card,80119,2026-05-21T15:31:32,refunded
1298,1591,credit_card,44792,2026-05-15T09:14:37,captured
1299,1592,apple_pay,26168,2026-04-10T18:08:52,captured
1300,1593,gift_card,36913,2026-01-21T14:19:04,refunded
1301,1594,credit_card,66296,2025-12-05T18:23:10,captured
1302,1596,gift_card,12730,2026-02-15T20:25:08,captured
1303,1597,apple_pay,6786,2026-05-20T19:57:54,captured
1304,1598,credit_card,19328,2026-03-27T08:23:10,captured
1305,1599,credit_card,8773,2025-11-01T20:25:35,captured
1306,1601,gift_card,154666,2026-05-09T14:33:38,captured
1307,1602,apple_pay,69666,2026-05-29T12:51:25,captured
1308,1603,apple_pay,152758,2026-04-17T10:59:43,captured
1309,1606,credit_card,72187,2025-12-30T21:09:00,captured
1310,1607,gift_card,83002,2026-04-02T08:47:39,captured
1311,1609,apple_pay,74246,2025-11-11T09:29:31,refunded
1312,1610,gift_card,105404,2025-06-16T14:34:49,captured
1313,1611,apple_pay,51836,2025-03-26T22:42:33,captured
1314,1612,paypal,121835,2025-11-19T16:28:34,captured
1315,1613,paypal,42156,2024-12-14T14:17:06,captured
1316,1614,apple_pay,104236,2026-02-01T13:27:18,captured
1317,1616,apple_pay,17957,2026-02-03T21:07:19,captured
1318,1617,credit_card,83158,2026-05-06T22:27:30,refunded
1319,1618,gift_card,129723,2026-02-13T10:27:14,captured
1320,1619,paypal,65326,2025-04-06T08:18:43,captured
1321,1620,apple_pay,48765,2025-06-17T10:54:16,refunded
1322,1621,apple_pay,141089,2025-09-08T09:06:17,captured
1323,1622,credit_card,44377,2026-02-16T10:24:01,captured
1324,1624,credit_card,102781,2025-12-27T15:45:29,refunded
1325,1625,credit_card,112960,2026-02-28T08:43:41,captured
1326,1626,credit_card,24236,2025-12-26T12:19:11,captured
1327,1627,paypal,116528,2026-01-04T21:44:45,captured
1328,1628,apple_pay,49956,2025-07-05T09:14:51,refunded
1329,1629,apple_pay,100665,2026-04-03T22:46:58,refunded
1330,1630,paypal,13740,2025-09-01T13:09:39,captured
1331,1631,gift_card,124652,2026-01-30T16:35:26,captured
1332,1632,gift_card,156805,2026-04-27T11:28:31,captured
1333,1633,gift_card,29893,2026-05-17T22:05:51,captured
1334,1634,apple_pay,121525,2025-09-01T17:43:00,captured
1335,1635,gift_card,101156,2026-01-24T16:15:12,captured
1336,1636,paypal,79820,2025-06-14T11:25:51,captured
1337,1637,apple_pay,96710,2025-08-12T13:01:27,captured
1338,1638,gift_card,76876,2025-09-13T11:07:03,captured
1339,1639,gift_card,139738,2026-02-28T19:00:12,captured
1340,1640,apple_pay,101663,2026-04-08T14:31:11,captured
1341,1642,apple_pay,73696,2026-02-02T17:05:48,captured
1342,1643,gift_card,158009,2025-06-03T15:34:13,captured
1343,1644,gift_card,161866,2025-05-29T10:41:03,refunded
1344,1645,credit_card,104104,2024-10-15T22:27:47,refunded
1345,1646,credit_card,50396,2026-05-03T14:32:12,refunded
1346,1647,gift_card,71957,2026-03-21T10:21:22,refunded
1347,1648,gift_card,110318,2025-11-30T11:12:42,captured
1348,1649,paypal,135236,2026-03-22T16:21:13,captured
1349,1650,gift_card,100477,2026-03-20T14:23:06,captured
1350,1653,paypal,60237,2026-02-03T20:44:38,refunded
1351,1654,paypal,142837,2026-02-20T16:08:53,captured
1352,1655,gift_card,24765,2026-03-11T08:11:31,refunded
1353,1656,apple_pay,15096,2026-05-19T22:57:54,captured
1354,1657,credit_card,108693,2026-05-14T10:28:23,captured
1355,1658,paypal,22035,2025-07-27T12:24:31,captured
1356,1659,apple_pay,40396,2025-05-08T14:10:53,captured
1357,1660,apple_pay,64637,2025-12-19T14:10:00,captured
1358,1662,credit_card,38788,2024-10-14T20:58:35,captured
1359,1663,paypal,34255,2024-08-18T18:44:46,refunded
1360,1664,credit_card,8626,2026-01-23T16:25:41,refunded
1361,1665,apple_pay,62398,2025-09-11T14:28:47,captured
1362,1666,paypal,12996,2025-11-23T12:39:54,captured
1363,1667,apple_pay,102005,2026-05-04T11:38:38,captured
1364,1668,gift_card,101187,2026-04-15T13:19:16,captured
1365,1669,apple_pay,30156,2025-12-04T21:03:37,captured
1366,1670,credit_card,69397,2026-05-01T11:02:08,captured
1367,1673,gift_card,12996,2026-03-19T08:49:26,captured
1368,1674,gift_card,55152,2024-05-31T18:58:27,captured
1369,1675,paypal,79195,2025-10-01T23:01:35,captured
1370,1677,apple_pay,87494,2024-09-07T12:42:29,refunded
1371,1678,gift_card,128158,2026-01-15T14:21:32,captured
1372,1679,apple_pay,80064,2026-03-21T18:15:09,captured
1373,1680,gift_card,178976,2025-11-07T12:27:05,captured
1374,1681,credit_card,76228,2025-10-15T15:31:21,captured
1375,1682,paypal,64331,2024-08-20T16:57:02,captured
1376,1683,credit_card,62058,2025-01-17T08:45:55,captured
1377,1684,credit_card,124040,2026-05-20T10:42:11,refunded
1378,1685,paypal,6898,2025-12-25T20:32:06,refunded
1379,1686,paypal,66851,2025-09-08T13:39:45,captured
1380,1687,gift_card,10305,2026-03-27T09:56:29,captured
1381,1689,paypal,50679,2026-05-29T09:42:24,captured
1382,1691,paypal,173016,2026-05-30T18:55:54,captured
1383,1692,credit_card,80036,2026-05-18T14:25:48,captured
1384,1693,paypal,105920,2025-06-06T18:26:37,captured
1385,1694,apple_pay,88793,2026-04-17T15:53:52,captured
1386,1695,apple_pay,17877,2025-08-31T18:48:38,captured
1387,1696,apple_pay,13521,2026-05-08T10:31:02,refunded
1388,1697,apple_pay,24484,2026-04-14T16:17:35,captured
1389,1698,apple_pay,143565,2026-02-25T21:41:59,refunded
1390,1700,credit_card,118436,2025-06-30T16:25:32,captured
1391,1701,paypal,143192,2025-03-17T15:03:54,captured
1392,1703,gift_card,38238,2026-03-30T15:26:13,captured
1393,1704,paypal,178712,2025-09-29T15:29:02,captured
1394,1705,apple_pay,152670,2025-08-11T09:15:33,refunded
1395,1706,apple_pay,10143,2025-03-14T13:13:37,refunded
1396,1708,paypal,100848,2026-05-22T21:57:26,captured
1397,1709,gift_card,52576,2025-09-15T19:52:10,captured
1398,1710,gift_card,36352,2026-01-29T22:46:53,captured
1399,1711,credit_card,7576,2025-04-08T12:50:48,captured
1400,1712,credit_card,52218,2025-12-24T09:09:38,captured
1401,1713,paypal,51246,2025-08-13T21:16:04,refunded
1402,1714,paypal,6041,2026-02-11T17:21:10,captured
1403,1715,paypal,25896,2026-01-12T09:37:00,refunded
1404,1716,credit_card,6870,2025-11-28T13:19:00,captured
1405,1717,credit_card,63592,2025-09-21T18:39:44,captured
1406,1718,gift_card,48001,2026-04-19T17:23:58,captured
1407,1719,gift_card,81189,2025-09-25T22:01:34,captured
1408,1720,gift_card,60936,2025-12-25T21:30:40,captured
1409,1721,apple_pay,93212,2025-08-26T16:05:02,captured
1410,1722,credit_card,70781,2026-02-01T20:08:57,captured
1411,1724,paypal,100169,2024-11-06T18:03:13,captured
1412,1725,apple_pay,6188,2026-01-31T16:30:30,refunded
1413,1726,credit_card,124370,2026-05-09T17:50:23,captured
1414,1727,gift_card,212789,2026-03-22T13:07:36,refunded
1415,1728,credit_card,139021,2026-05-14T11:27:23,captured
1416,1729,credit_card,89642,2025-11-12T12:32:06,refunded
1417,1730,paypal,76371,2025-12-28T10:42:16,captured
1418,1731,paypal,171171,2026-03-08T09:57:04,captured
1419,1733,credit_card,92900,2026-05-05T12:03:26,captured
1420,1734,apple_pay,172280,2026-05-09T09:37:40,refunded
1421,1735,credit_card,72616,2026-05-13T12:45:08,captured
1422,1736,apple_pay,59936,2025-09-09T18:42:07,captured
1423,1738,paypal,120276,2026-02-21T16:03:35,refunded
1424,1739,credit_card,97671,2025-09-27T08:35:32,captured
1425,1741,gift_card,77189,2025-12-13T20:56:40,captured
1426,1742,gift_card,104822,2025-08-04T21:50:57,captured
1427,1743,paypal,62740,2026-05-23T23:05:54,captured
1428,1746,apple_pay,76624,2025-09-25T14:34:17,captured
1429,1747,apple_pay,67927,2025-11-27T09:59:29,captured
1430,1749,apple_pay,93076,2025-11-01T08:08:32,captured
1431,1750,gift_card,55387,2025-06-22T11:51:53,captured
1432,1751,credit_card,6769,2026-02-23T21:50:16,captured
1433,1752,gift_card,173720,2025-09-27T09:23:47,captured
1434,1753,gift_card,66296,2025-12-24T14:11:27,refunded
1435,1754,gift_card,95598,2025-05-07T16:37:54,captured
1436,1755,gift_card,50317,2025-11-27T08:18:51,refunded
1437,1756,gift_card,89764,2025-01-17T13:17:59,refunded
1438,1757,gift_card,148091,2025-05-14T14:31:50,captured
1439,1758,paypal,109354,2025-08-03T16:01:14,captured
1440,1759,apple_pay,114128,2026-04-04T20:49:03,captured
1441,1760,gift_card,28845,2024-09-22T09:00:52,captured
1442,1761,gift_card,175893,2025-02-05T18:26:16,captured
1443,1762,apple_pay,31385,2025-12-14T19:13:33,captured
1444,1763,paypal,68254,2025-12-21T09:42:26,captured
1445,1764,paypal,51374,2025-07-09T13:12:08,captured
1446,1768,paypal,124722,2026-01-13T11:26:42,captured
1447,1770,gift_card,116354,2024-02-14T10:38:01,refunded
1448,1771,paypal,34284,2026-05-24T19:36:22,refunded
1449,1772,apple_pay,63106,2024-09-02T16:21:50,captured
1450,1773,apple_pay,93663,2026-04-11T13:27:43,refunded
1451,1774,gift_card,104871,2026-04-10T13:11:44,captured
1452,1775,apple_pay,90450,2025-05-24T13:04:12,captured
1453,1776,credit_card,67136,2025-12-24T16:30:28,refunded
1454,1777,gift_card,90135,2025-11-24T18:42:28,captured
1455,1778,apple_pay,193700,2025-07-15T12:34:00,captured
1456,1779,apple_pay,50214,2026-03-02T22:02:49,refunded
1457,1780,credit_card,73476,2025-10-11T08:36:49,captured
1458,1781,gift_card,105478,2025-09-04T20:53:13,captured
1459,1783,gift_card,119501,2026-04-19T20:07:05,captured
1460,1785,paypal,2600,2026-01-22T14:12:14,captured
1461,1786,paypal,13538,2026-04-06T18:55:11,captured
1462,1788,credit_card,165782,2026-05-06T16:18:50,captured
1463,1789,gift_card,120932,2026-01-21T13:45:41,captured
1464,1790,apple_pay,73024,2026-01-31T14:13:20,refunded
1465,1792,credit_card,69325,2025-12-27T12:27:55,captured
1466,1793,gift_card,59814,2025-08-10T18:05:25,captured
1467,1794,credit_card,88601,2025-07-24T17:59:59,captured
1468,1795,credit_card,140134,2026-05-18T14:51:58,captured
1469,1796,credit_card,104210,2026-01-23T23:02:19,captured
1470,1797,gift_card,71540,2025-08-01T19:03:52,captured
1471,1798,apple_pay,62749,2026-05-08T18:31:57,captured
1472,1799,gift_card,61179,2025-09-03T08:49:09,refunded
1473,1801,gift_card,17488,2024-10-23T11:48:55,captured
1474,1802,paypal,10242,2026-04-07T08:52:30,captured
1475,1803,gift_card,82120,2026-03-29T18:45:14,captured
1476,1804,credit_card,77454,2026-05-11T14:39:06,captured
1477,1805,gift_card,7548,2026-03-25T18:33:36,captured
1478,1806,gift_card,67347,2026-05-16T15:15:13,captured
1479,1807,gift_card,64306,2025-06-22T15:10:11,captured
1480,1808,credit_card,80629,2025-08-15T14:47:18,captured
1481,1809,paypal,66768,2026-03-29T11:05:56,captured
1482,1810,apple_pay,20484,2026-03-28T08:48:02,captured
1483,1811,apple_pay,165326,2026-04-23T14:50:35,captured
1484,1812,gift_card,115788,2025-10-20T22:06:04,captured
1485,1813,paypal,50494,2026-02-22T17:48:24,captured
1486,1815,apple_pay,86712,2026-05-02T19:21:21,captured
1487,1816,gift_card,43316,2025-10-05T08:41:04,captured
1488,1817,apple_pay,171170,2024-08-21T17:27:10,captured
1489,1818,credit_card,67006,2025-09-24T21:01:25,captured
1490,1820,gift_card,64318,2025-09-17T10:41:30,captured
1491,1822,apple_pay,10513,2025-11-17T20:04:24,captured
1492,1824,paypal,85407,2024-10-14T12:19:54,captured
1493,1825,credit_card,14697,2026-04-25T09:50:43,refunded
1494,1826,paypal,47236,2025-04-28T10:14:04,refunded
1495,1829,gift_card,137300,2026-05-27T13:20:46,captured
1496,1830,paypal,108753,2026-02-06T19:04:46,captured
1497,1832,apple_pay,40676,2026-03-20T18:15:06,captured
1498,1834,credit_card,96222,2026-05-09T20:11:10,captured
1499,1835,credit_card,22035,2026-05-22T17:44:17,captured
1500,1836,apple_pay,71216,2026-06-01T10:36:18,captured
1501,1837,paypal,117475,2026-05-24T21:06:21,captured
1502,1838,apple_pay,34538,2026-05-07T09:55:10,captured
1503,1839,credit_card,120547,2024-12-23T13:25:11,refunded
1504,1840,gift_card,83629,2026-01-24T12:35:22,captured
1505,1842,apple_pay,149466,2026-02-14T19:41:31,captured
1506,1843,apple_pay,23897,2024-05-30T11:02:09,captured
1507,1844,paypal,73886,2025-09-11T08:45:58,captured
1508,1846,credit_card,194197,2025-12-01T18:35:12,refunded
1509,1848,paypal,67678,2025-07-31T09:05:06,captured
1510,1849,apple_pay,104743,2025-11-14T20:59:33,captured
1511,1850,gift_card,135224,2025-10-06T13:05:21,captured
1512,1851,paypal,63879,2025-05-24T10:13:26,captured
1513,1852,paypal,85121,2025-08-23T13:29:41,captured
1514,1853,paypal,81831,2026-04-02T16:05:56,captured
1515,1854,apple_pay,184714,2025-09-20T21:48:04,captured
1516,1855,apple_pay,68800,2025-09-21T20:56:50,refunded
1517,1856,credit_card,97205,2025-10-06T22:14:17,captured
1518,1857,apple_pay,141048,2025-07-15T16:46:50,captured
1519,1858,apple_pay,9282,2025-08-13T18:25:18,captured
1520,1859,paypal,120346,2025-07-05T12:01:54,captured
1521,1860,paypal,81452,2025-12-25T16:03:30,captured
1522,1861,apple_pay,34632,2026-05-12T20:48:47,captured
1523,1862,paypal,49597,2026-02-26T22:05:26,captured
1524,1864,gift_card,107719,2025-09-21T09:02:22,captured
1525,1865,paypal,94355,2025-10-14T23:14:16,captured
1526,1866,gift_card,29917,2026-03-16T14:18:10,captured
1527,1867,gift_card,126364,2026-03-31T13:06:05,captured
